time, temp, x, y, z
12:13,85.00,-5.84,-0.55,-7.06
12:14,85.00,-1.22,-1.69,-8.12
12:15,85.00,-2.43,-3.45,-8.83
12:16,85.00,0.67,-1.14,-8.63
12:17,85.00,0.59,-4.00,-8.16
12:18,85.00,-3.41,-2.08,-8.00
12:19,85.00,-2.79,-1.84,-8.12
12:20,85.00,-2.63,-1.33,-8.28
12:21,85.00,-2.75,-1.18,-8.32
12:22,85.00,-2.71,-1.33,-8.28
12:23,85.00,-1.96,-2.31,-8.28
12:24,85.00,-2.04,-1.33,-8.55
12:25,85.00,-1.69,-1.14,-8.51
12:26,85.00,-1.02,-1.22,-8.94
12:27,85.00,-0.94,-1.57,-8.79
12:28,85.00,-1.37,-1.18,-8.51
12:29,85.00,-2.82,-2.31,-8.94
12:30,85.00,-0.63,0.59,-8.83
12:31,85.00,-5.69,-2.94,-6.20
12:32,85.00,-0.90,0.04,-8.75
12:33,85.00,1.14,-0.43,-8.59
12:34,85.00,1.14,-0.43,-8.59
12:35,85.00,1.10,-0.43,-8.47
12:36,85.00,1.10,-0.47,-8.63
12:37,85.00,1.10,-0.43,-8.63
12:38,85.00,1.14,-0.47,-8.63
12:39,85.00,1.10,-0.43,-8.55
12:40,85.00,1.14,-0.43,-8.59
12:41,85.00,1.10,-0.43,-8.59
12:42,85.00,1.14,-0.43,-8.59
12:43,85.00,1.10,-0.43,-8.63
12:44,85.00,1.10,-0.51,-8.63
12:45,85.00,1.14,-0.43,-8.63
12:46,85.00,1.10,-0.43,-8.63
12:47,85.00,1.14,-0.47,-8.63
12:48,85.00,1.06,-0.43,-8.63
12:49,85.00,1.14,-0.43,-8.63
12:50,85.00,1.10,-0.39,-8.59
12:51,85.00,1.06,-0.39,-8.59
12:52,85.00,1.10,-0.39,-8.59
12:53,85.00,1.14,-0.43,-8.63
12:54,85.00,1.14,-0.43,-8.63
12:55,85.00,1.10,-0.43,-8.63
12:56,85.00,1.14,-0.43,-8.67
12:57,85.00,1.14,-0.43,-8.67
12:58,85.00,1.10,-0.43,-8.67
12:59,85.00,1.10,-0.35,-8.63
13:0,85.00,1.14,-0.39,-8.67
13:1,85.00,1.10,-0.39,-8.67
13:2,85.00,1.10,-0.39,-8.67
13:3,85.00,1.14,-0.43,-8.67
13:4,85.00,1.14,-0.39,-8.71
13:5,85.00,1.10,-0.35,-8.71
13:6,85.00,1.14,-0.39,-8.67
13:7,85.00,1.18,-0.43,-8.71
13:8,85.00,1.10,-0.39,-8.71
13:9,85.00,1.14,-0.39,-8.71
13:10,85.00,1.14,-0.39,-8.71
13:11,85.00,1.10,-0.43,-8.71
13:12,85.00,1.14,-0.39,-8.75
13:13,85.00,1.10,-0.39,-8.71
13:14,85.00,1.14,-0.39,-8.75
13:15,85.00,1.14,-0.39,-8.75
13:16,85.00,1.14,-0.39,-8.71
13:17,85.00,1.10,-0.39,-8.67
13:18,85.00,1.14,-0.39,-8.71
13:19,85.00,1.14,-0.39,-8.71
13:20,85.00,1.10,-0.39,-8.75
13:21,85.00,1.14,-0.43,-8.79
13:22,85.00,1.14,-0.39,-8.79
13:23,85.00,1.14,-0.35,-8.75
13:24,85.00,1.14,-0.39,-8.75
13:25,85.00,1.10,-0.39,-8.75
13:26,85.00,1.14,-0.39,-8.71
13:27,85.00,1.14,-0.35,-8.79
13:28,85.00,1.06,-0.35,-8.75
13:29,85.00,1.14,-0.35,-8.75
13:30,85.00,1.14,-0.39,-8.83
13:31,85.00,1.14,-0.35,-8.75
13:32,85.00,1.14,-0.35,-8.79
13:33,85.00,1.14,-0.35,-8.71
13:34,85.00,1.14,-0.39,-8.75
13:35,85.00,1.10,-0.39,-8.83
13:36,85.00,1.14,-0.39,-8.79
13:37,85.00,1.14,-0.39,-8.79
13:38,85.00,1.14,-0.39,-8.79
13:39,85.00,1.18,-0.39,-8.83
13:40,85.00,1.14,-0.35,-8.83
13:41,85.00,1.10,-0.35,-8.79
13:42,85.00,1.14,-0.35,-8.75
13:43,85.00,1.10,-0.35,-8.83
13:44,85.00,1.10,-0.39,-8.79
13:45,85.00,1.10,-0.43,-8.79
13:46,85.00,1.18,-0.35,-8.79
13:47,85.00,1.14,-0.35,-8.83
13:48,85.00,1.14,-0.35,-8.83
13:49,85.00,1.14,-0.39,-8.79
13:50,85.00,1.06,-0.35,-8.83
13:51,85.00,1.14,-0.35,-8.83
13:52,85.00,1.14,-0.35,-8.79
13:53,85.00,1.14,-0.39,-8.79
13:54,85.00,1.14,-0.35,-8.79
13:55,85.00,1.18,-0.39,-8.83
13:56,85.00,1.10,-0.39,-8.79
13:57,85.00,1.14,-0.39,-8.79
13:58,85.00,1.14,-0.35,-8.83
13:59,85.00,1.10,-0.31,-8.83
14:0,85.00,1.10,-0.35,-8.83
14:1,85.00,1.10,-0.39,-8.79
14:2,85.00,1.10,-0.35,-8.79
14:3,85.00,1.14,-0.35,-8.83
14:4,85.00,1.14,-0.35,-8.87
14:5,85.00,1.14,-0.39,-8.75
14:6,85.00,1.14,-0.39,-8.79
14:7,85.00,1.10,-0.35,-8.83
14:8,85.00,1.14,-0.39,-8.79
14:9,85.00,1.14,-0.39,-8.83
14:10,85.00,1.14,-0.31,-8.79
14:11,85.00,1.10,-0.31,-8.79
14:12,85.00,1.10,-0.35,-8.79
14:13,85.00,1.06,-0.35,-8.87
14:14,85.00,1.10,-0.39,-8.75
14:15,85.00,1.10,-0.39,-8.75
14:16,85.00,1.10,-0.39,-8.79
14:17,85.00,1.10,-0.31,-8.79
14:18,85.00,1.10,-0.35,-8.79
14:19,85.00,1.10,-0.39,-8.79
14:20,85.00,1.06,-0.35,-8.79
14:21,85.00,1.10,-0.35,-8.71
14:22,85.00,1.14,-0.39,-8.79
14:23,85.00,1.10,-0.39,-8.71
14:24,85.00,1.10,-0.39,-8.79
14:25,85.00,1.10,-0.39,-8.79
14:26,85.00,1.14,-0.35,-8.79
14:27,85.00,1.10,-0.39,-8.75
14:28,85.00,1.10,-0.35,-8.83
14:29,85.00,1.10,-0.39,-8.79
14:30,85.00,1.10,-0.35,-8.79
14:31,85.00,1.14,-0.35,-8.75
14:32,85.00,1.10,-0.35,-8.83
14:33,85.00,1.10,-0.39,-8.79
14:34,85.00,1.10,-0.35,-8.79
14:35,85.00,1.06,-0.39,-8.79
14:36,85.00,1.10,-0.39,-8.79
14:37,85.00,1.10,-0.31,-8.83
14:38,85.00,-0.67,-0.98,-8.51
14:39,85.00,-1.88,-1.57,-8.47
14:40,85.00,-1.88,-0.71,-8.63
14:41,85.00,-1.80,-0.51,-8.32
14:42,85.00,4.24,-2.51,-8.71
14:43,85.00,0.12,-3.30,-10.04
14:44,85.00,-1.49,-2.08,-8.39
14:45,85.00,-2.47,-0.63,-9.18
14:46,85.00,-0.55,-1.96,-8.59
14:47,85.00,-2.51,-1.18,-7.10
14:48,85.00,-1.69,-1.41,-8.04
14:49,85.00,-2.82,-0.78,-7.45
14:50,85.00,-0.08,2.55,-9.02
14:51,85.00,-2.28,0.08,-8.55
14:52,85.00,-2.00,0.16,-8.90
14:53,85.00,-2.47,0.00,-7.06
14:54,85.00,0.78,-1.26,-10.08
14:55,85.00,-0.39,-1.06,-8.24
14:56,85.00,-3.53,-1.41,-8.75
14:57,85.00,-2.51,-0.71,-10.24
14:58,85.00,-2.59,1.29,-8.79
14:59,85.00,-3.18,-0.04,-8.12
15:0,85.00,-3.65,-1.41,-7.88
15:1,85.00,-1.92,-0.55,-8.83
15:2,85.00,-2.39,-1.02,-8.39
15:3,85.00,-3.61,1.77,-9.02
15:4,85.00,-2.86,-0.98,-7.53
15:5,85.00,-0.71,0.71,-8.47
15:6,85.00,-2.08,-0.20,-10.20
15:7,85.00,-2.82,-2.00,-7.81
15:8,85.00,-2.12,-0.67,-8.24
15:9,85.00,-2.20,0.71,-8.51
15:10,85.00,-2.00,-1.06,-7.41
15:11,85.00,-4.24,-2.39,-7.06
15:12,85.00,-2.35,-0.75,-9.30
15:13,85.00,-2.71,-1.69,-8.00
15:14,85.00,-1.18,-0.82,-7.92
15:15,85.00,-1.96,0.12,-9.10
15:16,85.00,0.94,0.98,-12.12
15:17,85.00,-2.82,-0.08,-7.57
15:18,85.00,-3.22,0.00,-7.85
15:19,85.00,-2.55,-1.69,-7.22
15:20,85.00,-2.28,-1.49,-8.12
15:21,85.00,-4.75,0.51,-11.10
15:22,85.00,-2.20,-1.92,-8.55
15:23,85.00,-3.06,-1.29,-7.41
15:24,85.00,-1.26,-0.27,-7.41
15:25,85.00,-1.29,-0.59,-7.22
15:26,85.00,-3.26,0.39,-8.83
15:27,85.00,0.04,-0.71,-9.14
15:28,85.00,-1.61,-1.10,-7.96
15:29,85.00,-1.53,-0.67,-8.87
15:30,85.00,-0.98,-0.24,-7.49
15:31,85.00,-1.18,-0.55,-8.59
15:32,85.00,-1.61,-1.14,-8.94
15:33,85.00,-2.43,-2.82,-8.94
15:34,85.00,-2.75,-1.69,-7.02
15:35,85.00,-0.75,-1.77,-7.92
15:36,85.00,-1.61,-1.53,-9.45
15:37,85.00,-1.61,-0.98,-9.81
15:38,85.00,-1.45,-1.14,-8.36
15:39,85.00,-0.86,-0.90,-9.49
15:40,85.00,-2.75,-0.16,-8.47
15:41,85.00,-4.67,-1.84,-12.36
15:42,85.00,-0.31,-1.26,-9.02
15:43,85.00,-2.51,-1.22,-7.65
15:44,85.00,-2.00,-0.51,-8.36
15:45,85.00,-1.37,-1.77,-7.65
15:46,85.00,-3.69,-1.45,-7.81
15:47,85.00,-1.26,-1.49,-8.28
15:48,85.00,-0.35,-0.04,-10.12
15:49,85.00,-2.04,-1.45,-10.75
15:50,85.00,-4.24,-2.67,-8.59
15:51,85.00,-2.35,-1.37,-7.53
15:52,85.00,-2.59,-0.43,-6.98
15:53,85.00,-1.69,-0.31,-7.10
15:54,85.00,-2.75,-0.94,-9.65
15:55,85.00,-1.53,-0.75,-8.36
15:56,85.00,-1.53,-0.08,-9.96
15:57,85.00,-4.63,0.24,-8.71
15:58,85.00,-1.26,0.24,-8.51
15:59,85.00,-1.69,-0.78,-8.63
16:0,85.00,-1.18,-0.71,-9.14
16:1,85.00,-3.41,-0.43,-7.37
16:2,85.00,-3.77,-2.04,-8.28
16:3,85.00,-0.51,-1.49,-8.94
16:4,85.00,-1.73,-0.67,-8.32
16:5,85.00,-1.06,0.39,-8.67
16:6,85.00,-2.16,-1.10,-6.98
16:7,85.00,-3.14,-0.78,-8.16
16:8,85.00,-3.06,-2.39,-9.22
16:9,85.00,-3.61,-3.61,-9.14
16:10,85.00,-1.53,-0.82,-8.16
16:11,85.00,-1.10,-1.29,-9.34
16:12,85.00,-3.65,-1.18,-8.04
16:13,85.00,-4.20,-0.20,-9.30
16:14,85.00,-3.06,-0.90,-7.45
16:15,85.00,-2.86,0.08,-6.47
16:16,85.00,-2.71,-0.82,-8.20
16:17,85.00,-2.31,-0.59,-8.75
16:18,85.00,-2.04,-2.43,-10.43
16:19,85.00,-1.33,0.24,-8.98
16:20,85.00,-3.14,-1.49,-7.92
16:21,85.00,-2.20,-0.71,-8.79
16:22,85.00,-1.77,-1.29,-8.87
16:23,85.00,-1.73,-0.75,-8.36
16:24,85.00,-4.24,-2.04,-7.57
16:25,85.00,-2.75,-0.78,-8.87
16:26,85.00,-0.55,0.39,-8.79
16:27,85.00,-4.20,0.27,-6.55
16:28,85.00,-3.65,-0.27,-10.71
16:29,85.00,-3.22,-0.86,-7.26
16:30,85.00,-3.96,-0.67,-7.85
16:31,85.00,-2.71,-2.20,-9.85
16:32,85.00,-3.18,-2.31,-7.77
16:33,85.00,-2.59,-1.57,-8.47
16:34,85.00,-3.80,-0.43,-8.79
16:35,85.00,-2.90,-0.04,-6.39
16:36,85.00,-1.14,-1.14,-7.30
16:37,85.00,-3.33,-1.80,-7.96
16:38,85.00,-1.53,0.04,-8.90
16:39,85.00,0.35,-0.75,-9.02
16:40,85.00,-2.20,-0.35,-10.36
16:41,85.00,-3.80,-1.57,-6.67
16:42,85.00,-2.55,-0.90,-7.77
16:43,85.00,0.67,-0.04,-8.79
16:44,85.00,-1.53,1.06,-8.71
16:45,85.00,-1.96,-1.22,-7.77
16:46,85.00,-1.26,-1.06,-7.65
16:47,85.00,-2.31,-1.84,-8.67
16:48,85.00,-2.04,-2.35,-9.61
16:49,85.00,-1.14,-0.39,-8.00
16:50,85.00,-1.88,-0.27,-8.28
16:51,85.00,-2.51,-1.61,-9.45
16:52,85.00,-3.14,1.02,-8.32
16:53,85.00,-2.12,-0.43,-7.45
16:54,85.00,-2.47,-1.14,-8.87
16:55,85.00,-0.98,-0.78,-6.94
16:56,85.00,-1.96,-1.14,-8.39
16:57,85.00,-2.16,-1.02,-6.90
16:58,85.00,-0.16,-1.41,-8.00
16:59,85.00,-3.84,-1.57,-7.65
17:0,85.00,-1.06,-1.65,-8.43
17:1,85.00,-1.53,-0.47,-9.89
17:2,85.00,-1.77,-0.47,-8.43
17:3,85.00,-1.61,-1.10,-7.65
17:4,85.00,-1.65,-1.33,-7.49
17:5,85.00,-0.12,0.00,-9.18
17:6,85.00,-3.96,-0.78,-8.32
17:7,85.00,-1.22,-0.51,-10.16
17:8,85.00,-0.47,0.04,-9.30
17:9,85.00,-2.86,-0.86,-8.12
17:10,85.00,-2.28,-1.33,-7.92
17:11,85.00,-1.37,-1.26,-9.22
17:12,85.00,-1.57,-1.22,-9.73
17:13,85.00,-1.26,1.22,-8.94
17:14,85.00,-1.45,-1.80,-8.98
17:15,85.00,-3.84,-1.22,-6.94
17:16,85.00,0.35,-1.14,-9.30
17:17,85.00,-1.65,-1.02,-8.71
17:18,85.00,-2.08,-1.77,-9.96
17:19,85.00,-1.53,0.47,-9.61
17:20,85.00,-3.61,-1.37,-8.59
17:21,85.00,-3.02,-0.55,-7.92
17:22,85.00,-2.98,-0.86,-6.94
17:23,85.00,-2.39,-1.69,-12.36
17:24,85.00,-1.73,-0.35,-8.32
17:25,85.00,-1.80,-1.96,-9.06
17:26,85.00,-2.59,-0.31,-9.73
17:27,85.00,-0.39,-1.02,-10.12
17:28,85.00,-4.47,-0.71,-7.22
17:29,85.00,-1.61,-0.39,-9.18
17:30,85.00,-2.90,-0.78,-8.63
17:31,85.00,0.04,0.31,-9.45
17:32,85.00,-0.98,-0.24,-8.71
17:33,85.00,-5.45,0.31,-7.92
17:34,85.00,-3.57,0.16,-8.83
17:35,85.00,-0.82,-1.26,-8.47
17:36,85.00,-2.86,0.16,-9.18
17:37,85.00,-2.20,-1.29,-6.75
17:38,85.00,-2.16,-0.71,-8.83
17:39,85.00,-3.26,-0.08,-9.18
17:40,85.00,-3.18,-0.59,-7.45
17:41,85.00,-1.33,0.04,-6.86
17:42,85.00,-2.16,-0.47,-8.63
17:43,85.00,-2.82,0.04,-7.88
17:44,85.00,-2.04,-1.26,-9.81
17:45,85.00,-1.26,-1.22,-8.04
17:46,85.00,-1.84,-0.59,-8.43
17:47,85.00,-3.80,-1.22,-7.53
17:48,85.00,-2.16,-2.12,-8.32
17:49,85.00,-2.12,-1.88,-8.98
17:50,85.00,-2.39,-1.26,-8.87
17:51,85.00,-2.28,-0.59,-7.77
17:52,85.00,-2.98,-1.84,-8.43
17:53,85.00,-3.18,-3.10,-8.90
17:54,85.00,-0.31,0.16,-9.02
17:55,85.00,-1.18,0.51,-8.87
17:56,85.00,-4.39,-1.45,-7.37
17:57,85.00,-1.92,0.63,-7.88
17:58,85.00,-2.47,-0.82,-8.16
17:59,85.00,-1.49,-0.43,-6.43
18:0,85.00,-2.24,-0.98,-9.61
18:1,85.00,-2.51,-0.71,-7.41
18:2,85.00,-3.61,0.51,-8.75
18:3,85.00,-0.35,-0.75,-10.04
18:4,85.00,-0.98,-1.45,-8.00
18:5,85.00,-2.31,-0.90,-9.61
18:6,85.00,-3.45,-0.16,-7.49
18:7,85.00,-4.04,-0.82,-8.32
18:8,85.00,-4.04,-1.77,-6.94
18:9,85.00,-1.26,-0.51,-9.02
18:10,85.00,-1.92,-0.08,-8.94
18:11,85.00,-0.47,-2.20,-12.24
18:12,85.00,-3.61,0.55,-7.69
18:13,85.00,-2.55,-1.06,-7.57
18:14,85.00,-4.47,-1.61,-6.51
18:15,85.00,-3.92,-1.10,-8.98
18:16,85.00,-1.33,-0.86,-7.81
18:17,85.00,-3.84,-0.67,-9.45
18:18,85.00,-1.45,-1.69,-9.14
18:19,85.00,-4.04,-0.98,-8.67
18:20,85.00,-4.24,-1.37,-8.55
18:21,85.00,-2.24,0.12,-8.36
18:22,85.00,-1.53,-1.77,-8.24
18:23,85.00,-0.75,-0.67,-9.41
18:24,85.00,-3.57,-0.51,-7.57
18:25,85.00,-2.24,-0.27,-8.00
18:26,85.00,-0.47,-0.08,-9.06
18:27,85.00,-2.08,0.00,-9.06
18:28,85.00,-3.10,-2.43,-9.57
18:29,85.00,-3.49,-0.12,-8.24
18:30,85.00,-3.10,-1.69,-6.55
18:31,85.00,-2.24,-0.86,-6.90
18:32,85.00,-1.69,1.14,-8.55
18:33,85.00,-0.86,-0.59,-7.77
18:34,85.00,-2.47,-0.20,-7.69
18:35,85.00,-2.24,-0.51,-8.47
18:36,85.00,0.63,0.00,-8.79
18:37,85.00,-3.53,-1.26,-10.20
18:38,85.00,-2.39,-1.02,-7.49
18:39,85.00,-1.14,-0.31,-7.37
18:40,85.00,-1.69,-1.10,-8.04
18:41,85.00,-0.20,-1.26,-9.57
18:42,85.00,-0.55,-1.06,-7.85
18:43,85.00,-1.14,-0.51,-9.14
18:44,85.00,-2.59,-0.94,-9.18
18:45,85.00,-2.24,-1.29,-7.53
18:46,85.00,-1.96,-0.75,-8.08
18:47,85.00,-2.51,-1.45,-8.51
18:48,85.00,-1.53,0.86,-6.51
18:49,85.00,-1.33,-0.67,-9.73
18:50,85.00,-0.51,-0.08,-7.30
18:51,85.00,-4.08,-2.24,-7.85
18:52,85.00,-3.10,-0.98,-7.81
18:53,85.00,-2.63,-0.90,-8.79
18:54,85.00,0.04,1.18,-10.63
18:55,85.00,-4.16,-1.33,-7.53
18:56,85.00,-1.10,-0.90,-9.10
18:57,85.00,-2.20,-1.45,-8.12
18:58,85.00,-2.20,0.04,-7.88
18:59,85.00,0.82,-1.02,-10.51
19:0,85.00,-1.88,0.08,-9.18
19:1,85.00,-1.73,-1.18,-8.51
19:2,85.00,-2.47,-0.08,-7.53
19:3,85.00,-2.16,0.04,-9.41
19:4,85.00,-1.37,-1.73,-8.39
19:5,85.00,-2.08,-1.96,-7.53
19:6,85.00,-1.77,-0.27,-8.20
19:7,85.00,-0.39,0.04,-8.59
19:8,85.00,-1.65,-1.49,-10.12
19:9,85.00,-2.43,-0.71,-8.39
19:10,85.00,-0.71,-1.33,-7.53
19:11,85.00,-0.71,-0.51,-8.16
19:12,85.00,-2.28,-1.88,-7.77
19:13,85.00,-3.96,-0.43,-8.04
19:14,85.00,-3.65,-0.78,-9.41
19:15,85.00,-1.37,-1.26,-8.16
19:16,85.00,-3.84,-0.98,-7.85
19:17,85.00,-0.71,-3.69,-8.59
19:18,85.00,-2.51,-3.26,-8.83
19:19,85.00,-2.08,-0.08,-7.34
19:20,85.00,-2.79,-1.18,-8.00
19:21,85.00,-1.53,-0.43,-8.67
19:22,85.00,0.16,-1.10,-8.47
19:23,85.00,-3.57,1.49,-9.41
19:24,85.00,-2.63,-0.86,-9.53
19:25,85.00,-1.92,-2.16,-7.45
19:26,85.00,-2.28,0.24,-9.92
19:27,85.00,-4.24,-0.71,-7.85
19:28,85.00,-1.41,-0.51,-8.98
19:29,85.00,-4.39,0.78,-5.88
19:30,85.00,-1.14,-0.51,-7.53
19:31,85.00,-2.00,2.28,-7.65
19:32,85.00,-2.51,-0.35,-8.28
19:33,85.00,-2.43,-0.04,-7.88
19:34,85.00,-2.82,0.00,-6.32
19:35,85.00,-0.75,-1.61,-8.55
19:36,85.00,-0.16,-1.53,-9.38
19:37,85.00,-1.49,-0.27,-10.04
19:38,85.00,-2.71,-0.12,-7.18
19:39,85.00,-4.04,-2.08,-7.49
19:40,85.00,-3.80,-0.78,-6.32
19:41,85.00,-1.37,-1.02,-7.73
19:42,85.00,-1.65,-0.71,-7.34
19:43,85.00,-3.77,-0.12,-8.28
19:44,85.00,-3.53,-0.55,-8.75
19:45,85.00,-0.55,-1.57,-8.59
19:46,85.00,-3.84,-0.55,-7.96
19:47,85.00,0.00,-1.84,-9.49
19:48,85.00,-0.94,-1.65,-8.51
19:49,85.00,-4.31,-2.47,-10.00
19:50,85.00,-0.90,-0.94,-9.92
19:51,85.00,-1.26,-1.18,-8.83
19:52,85.00,-0.08,-1.14,-9.14
19:53,85.00,-2.75,0.08,-8.71
19:54,85.00,-2.12,0.98,-8.47
19:55,85.00,-0.67,0.67,-9.18
19:56,85.00,-1.29,-1.45,-8.43
19:57,85.00,-1.65,-0.27,-9.26
19:58,85.00,-1.96,-0.63,-9.53
19:59,85.00,-0.16,-1.45,-7.92
20:0,85.00,-0.82,-1.65,-9.10
20:1,85.00,-2.28,-1.10,-9.57
20:2,85.00,-0.75,-1.10,-8.98
20:3,85.00,-4.39,-1.84,-8.08
20:4,85.00,-3.33,-0.04,-7.06
20:5,85.00,-0.08,0.67,-7.41
20:6,85.00,-5.06,-1.10,-7.65
20:7,85.00,-4.08,-0.98,-9.02
20:8,85.00,-3.88,-0.63,-7.92
20:9,85.00,-2.35,-0.67,-7.92
20:10,85.00,-2.28,-0.47,-8.24
20:11,85.00,-3.06,-2.47,-7.61
20:12,85.00,-1.57,-1.41,-7.18
20:13,85.00,-1.77,-0.43,-7.92
20:14,85.00,-2.35,-0.94,-8.43
20:15,85.00,-1.22,-1.06,-7.69
20:16,85.00,-2.16,-0.51,-9.30
20:17,85.00,-1.37,-1.37,-9.34
20:18,85.00,-1.92,-2.47,-10.32
20:19,85.00,0.82,-0.31,-8.83
20:20,85.00,-2.79,-0.75,-7.06
20:21,85.00,-3.02,-0.27,-7.73
20:22,85.00,-2.63,-1.37,-8.43
20:23,85.00,-3.96,-1.26,-7.81
20:24,85.00,-0.39,0.39,-9.34
20:25,85.00,-2.51,-1.10,-9.14
20:26,85.00,-2.51,-0.20,-7.45
20:27,85.00,-1.88,-2.71,-11.41
20:28,85.00,-3.10,0.51,-7.73
20:29,85.00,-2.08,-1.22,-8.00
20:30,85.00,-3.77,-1.73,-7.73
20:31,85.00,-3.22,-1.73,-7.53
20:32,85.00,-3.80,-2.35,-8.55
20:33,85.00,-3.88,-1.33,-8.39
20:34,85.00,-3.02,-1.29,-6.67
20:35,85.00,-2.39,-0.27,-11.49
20:36,85.00,-2.12,0.00,-8.24
20:37,85.00,-2.43,-1.26,-9.96
20:38,85.00,-4.59,-1.06,-6.63
20:39,85.00,-2.35,-1.49,-8.51
20:40,85.00,-1.41,1.06,-8.39
20:41,85.00,-3.02,0.04,-6.51
20:42,85.00,-3.96,0.94,-9.26
20:43,85.00,-2.86,-1.61,-6.94
20:44,85.00,-0.75,-0.24,-9.02
20:45,85.00,-3.53,-0.31,-8.32
20:46,85.00,-2.20,-2.12,-8.47
20:47,85.00,-2.98,-2.08,-7.96
20:48,85.00,-0.12,3.65,-7.81
20:49,85.00,-2.04,-2.00,-8.00
20:50,85.00,-2.43,-1.10,-8.87
20:51,85.00,-1.96,-0.55,-9.73
20:52,85.00,-2.39,-0.35,-7.65
20:53,85.00,-1.84,-1.61,-8.24
20:54,85.00,-1.65,1.73,-9.65
20:55,85.00,-1.88,-0.94,-8.24
20:56,85.00,-3.61,0.86,-9.41
20:57,85.00,-2.79,-1.29,-8.71
20:58,85.00,-2.12,-2.16,-8.75
20:59,85.00,-1.57,-0.35,-8.08
21:0,85.00,-4.31,-0.86,-9.53
21:1,85.00,-2.55,-0.04,-7.69
21:2,85.00,-2.51,-1.57,-8.75
21:3,85.00,-4.20,-1.14,-8.51
21:4,85.00,-3.37,-0.39,-7.34
21:5,85.00,-2.16,-1.69,-8.04
21:6,85.00,-1.92,-0.51,-10.00
21:7,85.00,-2.20,-1.26,-8.43
21:8,85.00,-4.28,-1.41,-8.75
21:9,85.00,-0.98,-3.18,-9.45
21:10,85.00,-0.35,-1.22,-8.32
21:11,85.00,-1.14,-0.20,-8.67
21:12,85.00,-0.86,-0.86,-8.08
21:13,85.00,-2.59,-0.43,-9.18
21:14,85.00,-2.55,0.20,-7.85
21:15,85.00,-3.14,-0.86,-7.85
21:16,85.00,-1.18,0.20,-9.61
21:17,85.00,-3.30,-4.20,-8.98
21:18,85.00,-1.92,-0.24,-8.67
21:19,85.00,-2.39,2.51,-7.49
21:20,85.00,-1.33,1.14,-9.18
21:21,85.00,-1.69,-1.02,-9.18
21:22,85.00,-1.61,-0.35,-10.04
21:23,85.00,-1.14,1.49,-8.08
21:24,85.00,-1.69,-1.29,-8.94
21:25,85.00,-3.53,-1.33,-7.02
21:26,85.00,-1.84,-0.78,-7.53
21:27,85.00,-2.39,-1.53,-11.06
21:28,85.00,-2.47,0.55,-7.49
21:29,85.00,-1.49,-0.08,-9.61
21:30,85.00,-1.80,-2.86,-7.45
21:31,85.00,-1.14,-0.75,-7.88
21:32,85.00,-2.00,-2.16,-9.41
21:33,85.00,-1.61,-1.84,-6.90
21:34,85.00,-2.86,-2.31,-8.20
21:35,85.00,-2.04,-1.14,-9.22
21:36,85.00,-1.77,-2.16,-9.06
21:37,85.00,-1.80,-1.57,-8.08
21:38,85.00,-0.86,-1.61,-8.71
21:39,85.00,-2.90,-0.51,-7.53
21:40,85.00,-2.16,-0.12,-8.87
21:41,85.00,-1.92,-1.10,-7.49
21:42,85.00,-3.77,-1.10,-7.53
21:43,85.00,-1.26,-0.04,-9.53
21:44,85.00,-1.49,-0.63,-8.79
21:45,85.00,-2.28,-0.59,-8.00
21:46,85.00,-1.61,-0.75,-8.39
21:47,85.00,-1.29,-0.94,-8.43
21:48,85.00,-2.82,0.78,-7.41
21:49,85.00,-1.77,-1.26,-7.02
21:50,85.00,-3.37,-2.24,-7.57
21:51,85.00,-2.51,-2.28,-8.12
21:52,85.00,-2.20,-1.88,-7.81
21:53,85.00,-2.63,0.51,-7.41
21:54,85.00,-2.04,-2.71,-10.08
21:55,85.00,-1.84,-0.08,-7.65
21:56,85.00,-2.82,-2.04,-8.67
21:57,85.00,-2.90,-1.02,-7.77
21:58,85.00,-2.63,0.63,-8.32
21:59,85.00,-3.69,-1.02,-8.94
22:0,85.00,-2.43,-2.20,-10.24
22:1,85.00,-1.61,-1.57,-10.83
22:2,85.00,-2.59,-3.77,-8.71
22:3,85.00,-1.92,-3.37,-10.12
22:4,85.00,-1.96,-0.39,-8.51
22:5,85.00,-3.22,-3.45,-10.16
22:6,85.00,-1.80,-0.08,-8.28
22:7,85.00,-1.53,-0.75,-10.00
22:8,85.00,-2.51,-1.84,-7.02
22:9,85.00,-2.90,-0.51,-8.59
22:10,85.00,-0.55,-0.63,-9.57
22:11,85.00,-2.47,1.84,-7.45
22:12,85.00,-2.43,-0.98,-9.77
22:13,85.00,-2.71,-1.10,-8.90
22:14,85.00,-2.35,-1.02,-9.38
22:15,85.00,-3.26,-1.33,-9.02
22:16,85.00,-2.08,-2.63,-9.61
22:17,85.00,-1.22,-1.80,-8.98
22:18,85.00,-1.22,-2.63,-9.10
22:19,85.00,-3.65,-0.59,-7.53
22:20,85.00,-0.47,-1.61,-7.81
22:21,85.00,-1.88,0.71,-11.49
22:22,85.00,-2.35,-1.49,-8.63
22:23,85.00,-4.04,-0.12,-7.14
22:24,85.00,-1.26,-2.00,-8.16
22:25,85.00,-4.00,-1.57,-8.98
22:26,85.00,-0.63,0.67,-8.75
22:27,85.00,-2.55,-1.33,-9.10
22:28,85.00,-2.43,-1.45,-9.53
22:29,85.00,-2.04,-2.55,-8.90
22:30,85.00,-1.65,1.14,-6.47
22:31,85.00,-1.14,-1.18,-9.69
22:32,85.00,-3.61,0.24,-9.45
22:33,85.00,-1.61,-1.06,-9.41
22:34,85.00,-2.12,-2.16,-9.41
22:35,85.00,-1.22,-1.88,-8.51
22:36,85.00,-1.29,1.14,-7.77
22:37,85.00,-1.84,-0.67,-8.20
22:38,85.00,-2.20,-0.20,-8.16
22:39,85.00,-1.26,-2.16,-9.26
22:40,85.00,-0.47,-2.59,-7.73
22:41,85.00,-0.90,-1.92,-8.71
22:42,85.00,-2.12,-0.24,-8.79
22:43,85.00,-1.84,-0.20,-8.98
22:44,85.00,-2.59,-1.06,-7.57
22:45,85.00,-1.02,-0.20,-8.55
22:46,85.00,-2.31,0.35,-9.30
22:47,85.00,-2.28,-0.08,-7.49
22:48,85.00,-2.04,-2.12,-7.57
22:49,85.00,-1.88,-0.90,-8.59
22:50,85.00,-1.14,-2.24,-9.38
22:51,85.00,-2.71,-2.12,-10.12
22:52,85.00,-3.45,-2.24,-8.28
22:53,85.00,-2.08,2.08,-7.18
22:54,85.00,-4.24,-0.98,-6.94
22:55,85.00,-2.12,-1.69,-7.34
22:56,85.00,-3.57,-2.35,-8.32
22:57,85.00,-0.31,1.53,-8.20
22:58,85.00,-0.63,-1.92,-9.41
22:59,85.00,-1.37,-2.24,-7.73
23:0,85.00,-2.16,-0.20,-8.67
23:1,85.00,-2.35,-2.39,-8.67
23:2,85.00,-1.26,-0.20,-9.06
23:3,85.00,-1.92,-0.08,-8.55
23:4,85.00,-1.73,2.20,-7.61
23:5,85.00,-1.88,0.31,-9.26
23:6,85.00,-0.86,0.59,-8.59
23:7,85.00,-1.41,-0.90,-6.67
23:8,85.00,-2.47,-3.10,-8.71
23:9,85.00,-1.29,-3.26,-9.92
23:10,85.00,-2.28,-1.10,-7.41
23:11,85.00,-3.26,-0.16,-7.26
23:12,85.00,-1.45,-2.39,-8.08
23:13,85.00,-1.96,-1.77,-8.94
23:14,85.00,-2.63,-2.08,-8.51
23:15,85.00,-1.80,0.00,-8.32
23:16,85.00,-1.49,2.04,-9.49
23:17,85.00,-2.43,-2.55,-9.69
23:18,85.00,-2.67,-2.43,-9.49
23:19,85.00,-2.28,-1.57,-6.98
23:20,85.00,-2.51,-0.04,-9.14
23:21,85.00,-1.84,-0.24,-8.71
23:22,85.00,-1.80,-0.55,-7.92
23:23,85.00,-1.69,-1.80,-9.22
23:24,85.00,-1.65,-0.04,-8.00
23:25,85.00,-1.65,0.24,-7.53
23:26,85.00,-1.45,-0.24,-10.59
23:27,85.00,-0.27,-1.26,-8.63
23:28,85.00,-1.49,-0.63,-8.28
23:29,85.00,-2.98,-0.04,-8.04
23:30,85.00,-1.53,0.00,-6.32
23:31,85.00,-3.14,-0.63,-10.00
23:32,85.00,-0.71,-2.39,-10.47
23:33,85.00,-1.10,-0.98,-8.12
23:34,85.00,-1.26,-2.20,-8.71
23:35,85.00,-3.30,-2.00,-8.16
23:36,85.00,-1.73,-3.02,-9.73
23:37,85.00,-2.51,0.31,-7.41
23:38,85.00,-1.80,-1.49,-6.71
23:39,85.00,-2.67,-1.10,-7.69
23:40,85.00,-1.77,-0.04,-8.94
23:41,85.00,-2.08,-0.71,-8.47
23:42,85.00,-2.35,-2.55,-8.83
23:43,85.00,-1.88,-2.39,-7.69
23:44,85.00,-0.71,0.90,-8.24
23:45,85.00,-2.16,-1.10,-9.77
23:46,85.00,-1.65,0.16,-8.87
23:47,85.00,-2.24,-2.75,-9.41
23:48,85.00,-0.63,-2.59,-10.00
23:49,85.00,-1.33,0.00,-11.02
23:50,85.00,-3.18,-1.18,-8.16
23:51,85.00,-1.77,-0.78,-8.63
23:52,85.00,-2.24,-3.37,-8.12
23:53,85.00,-0.16,0.39,-8.55
23:54,85.00,-1.06,-1.88,-7.26
23:55,85.00,-1.77,-1.02,-8.71
23:56,85.00,-2.51,-2.08,-10.67
23:57,85.00,-1.61,0.04,-8.71
23:58,85.00,-1.33,-1.84,-9.85
23:59,85.00,-2.43,0.08,-8.47
0:59,85.00,-2.43,-0.75,-7.65
1:0,85.00,-2.12,-0.90,-8.94
1:1,85.00,-2.63,-0.86,-7.41
1:2,85.00,-2.51,0.51,-7.77
1:3,85.00,-2.16,-0.71,-10.20
1:4,85.00,-1.14,-1.10,-6.71
1:5,85.00,-2.28,0.00,-9.18
1:6,85.00,-1.37,-3.22,-7.88
1:7,85.00,-3.88,0.00,-8.90
1:8,85.00,-2.08,-0.71,-8.94
1:9,85.00,-0.71,-2.63,-8.16
1:10,85.00,-2.12,-2.24,-8.98
1:11,85.00,-3.30,-1.69,-9.14
1:12,85.00,-2.04,-1.77,-7.61
1:13,85.00,-2.35,-0.67,-7.92
1:14,85.00,-1.37,-0.43,-10.16
1:15,85.00,-3.14,-2.00,-8.20
1:16,85.00,-1.80,-2.00,-10.51
1:17,85.00,-1.73,0.55,-8.00
1:18,85.00,-3.14,-1.69,-8.32
1:19,85.00,-0.55,-2.67,-10.24
1:20,85.00,-1.22,-3.57,-8.94
1:21,85.00,-2.16,1.18,-8.79
1:22,85.00,-3.45,-1.88,-8.94
1:23,85.00,-2.39,-0.47,-8.39
1:24,85.00,-2.47,-1.45,-10.00
1:25,85.00,-1.57,-0.35,-8.24
1:26,85.00,-3.10,0.08,-7.26
1:27,85.00,-1.69,-0.78,-9.49
1:28,85.00,-1.80,-1.26,-7.45
1:29,85.00,-1.73,-2.75,-7.77
1:30,85.00,-0.71,-1.73,-7.88
1:31,85.00,-2.94,-0.51,-7.26
1:32,85.00,-1.88,-0.35,-6.98
1:33,85.00,-2.59,-0.67,-7.96
1:34,85.00,-4.20,-2.00,-10.71
1:35,85.00,-1.26,1.26,-7.88
1:36,85.00,-1.06,0.04,-7.77
1:37,85.00,-0.12,2.31,-6.51
1:38,85.00,-3.14,-2.24,-8.71
1:39,85.00,-1.53,-1.29,-7.61
1:40,85.00,-2.39,0.78,-8.32
1:41,85.00,-5.73,-2.51,-9.34
1:42,85.00,0.63,0.24,-8.39
1:43,85.00,-1.22,-2.47,-8.79
1:44,85.00,-1.92,-2.20,-7.49
1:45,85.00,-2.79,-0.35,-6.28
1:46,85.00,-2.12,-1.10,-8.39
1:47,85.00,-1.61,-3.69,-8.55
1:48,85.00,-1.53,-0.20,-7.92
1:49,85.00,-2.08,-0.12,-8.39
1:50,85.00,-2.20,2.71,-8.43
1:51,85.00,-0.75,-1.45,-7.57
1:52,85.00,-0.51,-2.55,-10.63
1:53,85.00,-2.59,2.24,-8.47
1:54,85.00,-1.80,-0.47,-9.26
1:55,85.00,-3.06,-0.55,-9.14
1:56,85.00,-0.78,0.86,-10.71
1:57,85.00,-1.69,-1.02,-8.16
1:58,85.00,-2.39,-2.24,-8.32
1:59,85.00,-4.39,0.47,-7.49
2:0,85.00,-2.47,-0.59,-6.94
2:1,85.00,-2.39,0.35,-7.92
2:2,85.00,-2.04,-1.18,-7.85
2:3,85.00,-2.16,-1.57,-8.12
2:4,85.00,-4.51,0.47,-7.10
2:5,85.00,-2.94,-2.31,-7.57
2:6,85.00,-1.06,0.00,-8.28
2:7,85.00,-2.31,0.08,-9.18
2:8,85.00,-1.45,-3.10,-9.38
2:9,85.00,0.00,1.02,-7.53
2:10,85.00,-3.49,0.51,-7.92
2:11,85.00,-3.26,-0.08,-7.77
2:12,85.00,-1.92,-1.33,-8.71
2:13,85.00,-1.18,-1.65,-8.28
2:14,85.00,-2.35,-0.63,-7.69
2:15,85.00,-1.53,-1.92,-8.71
2:16,85.00,-3.80,-1.77,-7.73
2:17,85.00,-3.37,-0.55,-7.49
2:18,85.00,-1.57,0.00,-8.67
2:19,85.00,-2.12,-1.49,-8.63
2:20,85.00,-2.20,-0.82,-7.96
2:21,85.00,-2.51,-0.35,-7.37
2:22,85.00,-2.00,-1.18,-8.83
2:23,85.00,-2.86,0.59,-10.87
2:24,85.00,-1.96,-2.67,-7.77
2:25,85.00,-2.43,-1.18,-8.90
2:26,85.00,-2.79,-3.06,-10.00
2:27,85.00,-0.94,-3.06,-10.59
2:28,85.00,-4.08,0.47,-8.08
2:29,85.00,-1.77,-1.65,-9.18
2:30,85.00,-2.75,-1.06,-8.47
2:31,85.00,-1.45,-0.27,-8.71
2:32,85.00,-1.69,-0.75,-8.98
2:33,85.00,-0.71,-0.47,-10.08
2:34,85.00,-2.55,-0.08,-8.24
2:35,85.00,-1.06,-3.22,-9.22
2:36,85.00,-1.49,-2.39,-8.51
2:37,85.00,-1.65,0.63,-7.96
2:38,85.00,-0.78,-0.51,-7.73
2:39,85.00,-3.77,-0.16,-8.24
2:40,85.00,-3.96,-0.12,-9.53
2:41,85.00,-2.24,-2.39,-10.12
2:42,85.00,-1.84,-2.90,-8.75
2:43,85.00,-0.63,-1.61,-7.65
2:44,85.00,-3.33,-1.57,-9.77
2:45,85.00,-1.37,-1.73,-7.26
2:46,85.00,-2.16,0.94,-9.18
2:47,85.00,-3.80,0.63,-7.69
2:48,85.00,-2.86,0.31,-8.90
2:49,85.00,-2.28,-1.18,-8.00
2:50,85.00,-2.47,0.04,-8.47
2:51,85.00,-3.14,0.31,-6.55
2:52,85.00,-3.77,0.00,-7.96
2:53,85.00,-2.51,-2.12,-8.00
2:54,85.00,-0.75,2.00,-6.94
2:55,85.00,-2.79,-0.71,-8.83
2:56,85.00,-2.43,-1.29,-9.34
2:57,85.00,-3.61,-2.51,-10.08
2:58,85.00,-3.57,-0.08,-8.36
2:59,85.00,-2.12,-1.88,-7.26
3:0,85.00,-0.51,-2.51,-8.28
3:1,85.00,-1.33,-1.22,-8.16
3:2,85.00,-1.65,-2.55,-9.41
3:3,85.00,-1.10,-1.41,-8.63
3:4,85.00,-2.51,-1.84,-7.61
3:5,85.00,-1.61,-0.59,-7.81
3:6,85.00,-2.16,-0.94,-8.75
3:7,85.00,-2.47,-0.35,-8.00
3:8,85.00,-3.30,-2.00,-6.67
3:9,85.00,-0.43,1.02,-6.86
3:10,85.00,-1.37,-0.12,-9.65
3:11,85.00,-3.30,0.27,-8.67
3:12,85.00,-3.77,-0.90,-9.49
3:13,85.00,-1.29,-0.55,-8.28
3:14,85.00,-2.98,-1.57,-7.61
3:15,85.00,-2.86,1.45,-8.47
3:16,85.00,-1.61,-2.86,-9.69
3:17,85.00,-3.10,-2.43,-8.98
3:18,85.00,-2.55,-0.71,-8.08
3:19,85.00,-4.51,0.04,-7.45
3:20,85.00,-1.88,-1.65,-9.34
3:21,85.00,-2.47,-0.20,-8.08
3:22,85.00,0.00,1.10,-7.14
3:23,85.00,-2.08,0.00,-7.53
3:24,85.00,-1.96,-0.86,-8.20
3:25,85.00,-1.92,-0.94,-8.43
3:26,85.00,-2.43,0.63,-8.36
3:27,85.00,-1.92,-1.69,-8.00
3:28,85.00,-1.49,0.39,-8.90
3:29,85.00,-2.00,-0.39,-7.77
3:30,85.00,-3.10,-0.71,-9.34
3:31,85.00,-2.28,-0.75,-8.63
3:32,85.00,-1.26,-0.43,-8.79
3:33,85.00,-1.49,-0.59,-8.79
3:34,85.00,1.73,-1.02,-7.57
3:35,85.00,-2.16,0.63,-8.87
3:36,85.00,-2.55,0.08,-9.41
3:37,85.00,-2.35,0.04,-7.65
3:38,85.00,-2.75,0.67,-9.06
3:39,85.00,-2.04,0.27,-7.53
3:40,85.00,-1.29,-0.24,-8.90
3:41,85.00,-4.86,-1.80,-9.10
3:42,85.00,-1.88,1.33,-7.69
3:43,85.00,-0.86,-1.45,-8.67
3:44,85.00,-3.84,-2.90,-8.67
3:45,85.00,-2.16,-1.92,-8.20
3:46,85.00,-1.53,-1.53,-7.41
3:47,85.00,-2.82,-1.33,-7.69
3:48,85.00,-3.69,-4.08,-8.39
3:49,85.00,-1.57,0.67,-9.69
3:50,85.00,-4.67,-1.41,-9.69
3:51,85.00,-0.04,0.55,-8.16
3:52,85.00,-1.84,-0.20,-7.88
3:53,85.00,-1.22,-0.78,-8.51
3:54,85.00,0.63,0.00,-7.14
3:55,85.00,-3.33,-2.04,-9.85
3:56,85.00,-1.33,-1.49,-8.63
3:57,85.00,-3.10,-2.47,-8.04
3:58,85.00,-3.37,-1.61,-7.18
3:59,85.00,-0.67,-1.88,-8.16
4:0,85.00,-3.41,0.00,-8.83
4:1,85.00,-2.59,1.92,-10.16
4:2,85.00,-3.33,-0.35,-8.83
4:3,85.00,-2.71,-1.61,-8.32
4:4,85.00,-2.63,0.00,-7.69
4:5,85.00,-3.49,-1.22,-9.57
4:6,85.00,-0.86,0.39,-8.59
4:7,85.00,-1.41,-0.24,-7.26
4:8,85.00,-5.45,-1.10,-8.36
4:9,85.00,-1.45,-0.20,-8.98
4:10,85.00,-1.57,-2.55,-7.77
4:11,85.00,-2.98,-0.98,-8.20
4:12,85.00,-1.65,-1.96,-8.90
4:13,85.00,0.00,0.31,-7.69
4:14,85.00,-0.90,-0.90,-8.16
4:15,85.00,-2.31,-1.33,-7.85
4:16,85.00,-0.47,1.22,-9.53
4:17,85.00,-3.06,-1.53,-7.53
4:18,85.00,-1.53,0.94,-8.32
4:19,85.00,-2.31,0.04,-7.85
4:20,85.00,-3.10,-2.24,-8.20
4:21,85.00,-0.35,-1.22,-7.10
4:22,85.00,-1.61,-2.55,-6.63
4:23,85.00,-2.24,0.47,-7.30
4:24,85.00,-2.28,-1.80,-8.36
4:25,85.00,-1.33,-2.79,-8.39
4:26,85.00,-2.00,0.04,-11.14
4:27,85.00,-2.43,0.16,-8.20
4:28,85.00,-2.28,0.75,-8.47
4:29,85.00,-1.26,-1.88,-6.98
4:30,85.00,-2.47,-2.59,-6.90
4:31,85.00,-2.31,-2.39,-9.18
4:32,85.00,-2.90,-2.31,-8.47
4:33,85.00,-2.20,-3.10,-7.65
4:34,85.00,-1.45,-0.12,-8.63
4:35,85.00,-1.53,-0.04,-8.55
4:36,85.00,-3.22,-1.18,-7.53
4:37,85.00,-1.84,-1.18,-6.94
4:38,85.00,-3.30,-3.18,-8.98
4:39,85.00,-2.28,-1.57,-8.28
4:40,85.00,-3.96,-2.63,-7.73
4:41,85.00,-3.37,-1.37,-9.02
4:42,85.00,-0.75,-1.22,-9.18
4:43,85.00,-3.30,-2.35,-6.63
4:44,85.00,-2.35,-1.33,-8.47
4:45,85.00,-2.04,-0.98,-8.32
4:46,85.00,-3.45,-0.86,-10.28
4:47,85.00,-3.22,-1.41,-8.59
4:48,85.00,-5.22,-1.57,-6.71
4:49,85.00,-2.59,-1.37,-8.20
4:50,85.00,-3.69,-1.69,-8.00
4:51,85.00,-2.43,-0.12,-8.04
4:52,85.00,-1.22,-1.57,-9.85
4:53,85.00,-0.67,1.29,-8.63
4:54,85.00,-1.37,-1.10,-7.53
4:55,85.00,-2.16,-2.00,-7.65
4:56,85.00,-1.29,-0.47,-8.04
4:57,85.00,-1.33,0.63,-9.65
4:58,85.00,-2.75,-0.55,-9.49
4:59,85.00,-3.37,-2.35,-7.77
5:0,85.00,-2.24,-1.02,-8.32
5:1,85.00,-2.00,-0.82,-8.24
5:2,85.00,-3.30,-0.63,-9.10
5:3,85.00,-3.06,-0.51,-10.00
5:4,85.00,-2.39,-0.78,-8.71
5:5,85.00,-2.59,-3.02,-7.81
5:6,85.00,-2.67,-2.55,-8.90
5:7,85.00,-1.88,-1.77,-7.37
5:8,85.00,-0.71,-0.78,-9.53
5:9,85.00,-1.65,-1.18,-8.67
5:10,85.00,-1.02,-1.33,-8.51
5:11,85.00,-0.55,-0.82,-8.08
5:12,85.00,-2.35,0.00,-8.20
5:13,85.00,-3.84,-1.22,-7.88
5:14,85.00,-3.37,-1.88,-6.75
5:15,85.00,-3.69,-0.75,-7.65
5:16,85.00,-2.82,-0.94,-7.37
5:17,85.00,-2.16,-1.96,-12.16
5:18,85.00,-2.31,0.20,-9.26
5:19,85.00,-1.80,-1.18,-9.77
5:20,85.00,-2.04,-1.92,-9.45
5:21,85.00,-2.16,-0.31,-9.41
5:22,85.00,-2.79,-0.63,-9.73
5:23,85.00,-0.04,-0.31,-8.63
5:24,85.00,-2.51,-1.77,-9.96
5:25,85.00,-0.59,-0.55,-8.67
5:26,85.00,-1.57,-0.94,-6.59
5:27,85.00,-2.43,0.24,-9.06
5:28,85.00,-2.31,-0.04,-7.92
5:29,85.00,-4.12,-1.61,-7.96
5:30,85.00,0.04,-0.04,-8.12
5:31,85.00,-2.59,-0.86,-9.65
5:32,85.00,-0.75,-0.86,-12.83
5:33,85.00,-1.06,-2.12,-8.87
5:34,85.00,-4.55,-1.33,-7.49
5:35,85.00,-1.73,-0.63,-7.69
5:36,85.00,-1.26,0.31,-7.10
5:37,85.00,-1.61,-0.98,-9.34
5:38,85.00,-2.39,-0.75,-7.92
5:39,85.00,-1.14,-0.75,-8.63
5:40,85.00,-0.94,-0.20,-8.59
5:41,85.00,-2.04,-0.24,-9.26
5:42,85.00,-2.08,-1.61,-8.32
5:43,85.00,-2.90,0.24,-8.75
5:44,85.00,-3.49,-0.31,-9.61
5:45,85.00,-2.90,-1.88,-8.75
5:46,85.00,-2.59,-1.41,-8.28
5:47,85.00,-2.79,-0.51,-7.65
5:48,85.00,-2.47,-0.98,-8.94
5:49,85.00,-1.49,0.04,-7.69
5:50,85.00,0.04,-0.59,-8.55
5:51,85.00,-3.14,-0.59,-8.87
5:52,85.00,-2.16,-1.45,-10.08
5:53,85.00,-1.49,-0.98,-8.16
5:54,85.00,-3.57,-1.88,-9.53
5:55,85.00,-0.67,-0.43,-8.63
5:56,85.00,-2.55,-1.57,-9.06
5:57,85.00,-1.06,0.31,-7.81
5:58,85.00,-2.20,-0.43,-7.57
5:59,85.00,-3.53,-1.29,-6.75
6:0,85.00,-2.86,-1.65,-7.53
6:1,85.00,-2.00,0.16,-9.22
6:2,85.00,-1.22,-1.18,-8.67
6:3,85.00,-2.98,-0.63,-8.87
6:4,85.00,-3.96,-2.55,-7.69
6:5,85.00,-0.67,0.51,-9.34
6:6,85.00,-3.18,-3.37,-8.63
6:7,85.00,-2.55,-3.18,-8.20
6:8,85.00,-2.59,-1.73,-7.57
6:9,85.00,-1.88,0.04,-7.34
6:10,85.00,-1.80,-1.57,-8.47
6:11,85.00,-1.84,-1.80,-9.38
6:12,85.00,-1.57,-1.69,-9.45
6:13,85.00,-3.41,-1.41,-9.02
6:14,85.00,-3.33,-2.55,-8.16
6:15,85.00,-2.79,-1.22,-8.24
6:16,85.00,-1.53,-0.43,-7.57
6:17,85.00,-2.79,0.00,-7.81
6:18,85.00,-2.12,-1.02,-8.71
6:19,85.00,-3.45,-2.51,-7.06
6:20,85.00,-2.47,-2.12,-8.00
6:21,85.00,-2.04,-3.26,-7.65
6:22,85.00,-2.31,0.00,-9.65
6:23,85.00,-2.59,-2.20,-9.14
6:24,85.00,-2.43,-0.35,-7.92
6:25,85.00,-2.31,-1.96,-8.59
6:26,85.00,-2.47,0.63,-8.20
6:27,85.00,-2.67,-1.22,-7.10
6:28,85.00,-3.18,-3.41,-8.79
6:29,85.00,-0.94,-0.16,-7.88
6:30,85.00,-1.33,1.14,-9.34
6:31,85.00,-2.67,-1.29,-6.94
6:32,85.00,-0.71,-1.10,-6.98
6:33,85.00,-1.06,0.47,-9.30
6:34,85.00,-2.47,-1.65,-8.36
6:35,85.00,-2.75,-0.71,-8.20
6:36,85.00,-3.18,-0.90,-8.04
6:37,85.00,-0.98,-0.39,-7.57
6:38,85.00,-2.20,-0.47,-8.39
6:39,85.00,-2.51,0.78,-7.45
6:40,85.00,-3.02,-0.31,-9.85
6:41,85.00,-2.86,-2.98,-8.32
6:42,85.00,-2.55,-1.53,-7.26
6:43,85.00,-2.47,-0.59,-8.87
6:44,85.00,-1.49,-0.39,-8.36
6:45,85.00,-1.80,0.71,-8.12
6:46,85.00,-2.28,-0.27,-7.53
6:47,85.00,-1.41,0.27,-8.47
6:48,85.00,-2.63,-0.59,-8.71
6:49,85.00,-1.53,-3.65,-8.16
6:50,85.00,-2.67,-1.18,-7.85
6:51,85.00,-0.82,-2.59,-7.30
6:52,85.00,-2.59,-0.24,-7.45
6:53,85.00,-2.67,-2.08,-9.14
6:54,85.00,-3.45,-2.39,-8.63
6:55,85.00,-1.41,-0.59,-9.18
6:56,85.00,-1.84,-0.86,-7.30
6:57,85.00,-2.28,-0.78,-6.90
6:58,85.00,-1.80,-2.67,-7.53
6:59,85.00,-3.18,0.16,-8.16
7:0,85.00,-1.77,-1.73,-8.24
7:1,85.00,-2.51,-1.41,-9.38
7:2,85.00,-0.94,-0.51,-9.18
7:3,85.00,-1.96,-0.67,-9.22
7:4,85.00,-2.08,-1.06,-8.24
7:5,85.00,-2.20,-1.45,-6.83
7:6,85.00,-3.18,-1.29,-8.71
7:7,85.00,-0.94,-3.10,-8.00
7:8,85.00,-2.67,0.08,-8.20
7:9,85.00,-1.57,-2.59,-8.67
7:10,85.00,-0.27,-2.47,-7.77
7:11,85.00,-2.43,-0.94,-8.55
7:12,85.00,-0.51,-2.24,-9.10
7:13,85.00,-2.00,-0.47,-8.83
7:14,85.00,-2.16,1.18,-9.26
7:15,85.00,-4.12,-2.43,-8.87
7:16,85.00,-1.96,-3.26,-7.85
7:17,85.00,-2.08,0.04,-8.36
7:18,85.00,-1.29,-1.18,-8.67
7:19,85.00,1.26,-3.06,-7.10
7:20,85.00,-2.35,0.51,-7.65
7:21,85.00,-2.35,1.53,-8.24
7:22,85.00,-3.06,0.16,-8.71
7:23,85.00,-2.43,-0.43,-9.41
7:24,85.00,-1.73,-2.51,-7.92
7:25,85.00,-2.12,-1.57,-7.92
7:26,85.00,-2.00,-2.04,-8.71
7:27,85.00,-1.29,-3.41,-8.12
7:28,85.00,-1.92,-1.33,-8.67
7:29,85.00,-3.88,-1.84,-6.59
7:30,85.00,-2.16,-2.35,-8.43
7:31,85.00,-2.04,-0.59,-8.24
7:32,85.00,-2.86,-1.73,-7.81
7:33,85.00,-1.49,0.55,-9.06
7:34,85.00,-1.96,-0.94,-7.45
7:35,85.00,-2.08,0.20,-10.32
7:36,85.00,-2.47,-2.55,-8.59
7:37,85.00,-3.88,-1.92,-7.49
7:38,85.00,-2.55,-1.80,-9.89
7:39,85.00,-1.77,0.86,-8.71
7:40,85.00,-2.75,-0.71,-7.85
7:41,85.00,-2.63,-0.78,-8.28
7:42,85.00,-3.37,-0.47,-7.65
7:43,85.00,-3.22,-3.30,-9.02
7:44,85.00,-1.06,-1.96,-9.06
7:45,85.00,-1.10,-0.94,-7.57
7:46,85.00,-2.75,-2.16,-7.53
7:47,85.00,-1.77,-0.47,-7.45
7:48,85.00,-2.79,-1.57,-7.49
7:49,85.00,-2.04,-1.73,-7.81
7:50,85.00,-2.94,-1.88,-8.83
7:51,85.00,-2.35,-0.47,-8.47
7:52,85.00,-2.31,-1.53,-7.57
7:53,85.00,-1.80,-1.02,-8.63
7:54,85.00,-3.53,-0.63,-7.57
7:55,85.00,-1.92,1.02,-8.43
7:56,85.00,-1.33,-0.63,-8.71
7:57,85.00,-2.67,-2.55,-9.77
7:58,85.00,-2.31,-1.73,-7.57
7:59,85.00,-1.84,0.00,-10.87
8:0,85.00,-2.00,-0.98,-7.57
8:1,85.00,-2.51,-0.94,-8.47
8:2,85.00,-2.16,-1.77,-7.85
8:3,85.00,-2.24,-1.29,-8.51
8:4,85.00,-2.31,-1.57,-7.26
8:5,85.00,-2.43,-3.02,-9.18
8:6,85.00,-2.08,-0.24,-8.32
8:7,85.00,-3.02,-1.10,-8.16
8:8,85.00,-0.67,-3.14,-7.49
8:9,85.00,-2.79,0.67,-9.65
8:10,85.00,-2.39,0.20,-7.96
8:11,85.00,-3.06,-1.92,-8.04
8:12,85.00,-0.75,-2.20,-8.28
8:13,85.00,-2.12,-0.82,-8.59
8:14,85.00,-1.61,-2.08,-9.22
8:15,85.00,-1.45,-1.88,-9.65
8:16,85.00,-1.69,-1.49,-8.36
8:17,85.00,-1.53,-1.73,-8.94
8:18,85.00,-2.31,-0.59,-8.79
8:19,85.00,-1.02,-1.06,-8.20
8:20,85.00,-2.28,1.37,-8.51
8:21,85.00,-1.37,1.29,-9.45
8:22,85.00,-1.37,-3.84,-7.45
8:23,85.00,-2.31,-1.33,-9.06
8:24,85.00,-2.51,-1.73,-8.51
8:25,85.00,-3.14,-3.57,-7.73
8:26,85.00,-2.59,-1.26,-8.55
8:27,85.00,-1.45,-2.90,-7.81
8:28,85.00,-2.67,-0.39,-8.71
8:29,85.00,-2.00,0.47,-8.98
8:30,85.00,-1.57,0.55,-8.55
8:31,85.00,-2.28,-1.53,-9.14
8:32,85.00,-2.20,0.00,-9.18
8:33,85.00,-0.59,0.04,-7.61
8:34,85.00,-2.82,-1.57,-8.71
8:35,85.00,-1.10,-1.77,-7.26
8:36,85.00,-2.28,-1.26,-10.04
8:37,85.00,-0.59,-2.51,-8.39
8:38,85.00,-1.41,-0.63,-7.53
8:39,85.00,-3.06,-0.04,-8.71
8:40,85.00,-2.00,-1.41,-7.61
8:41,85.00,-1.14,-0.82,-9.02
8:42,85.00,-2.47,-0.98,-8.32
8:43,85.00,-2.67,2.04,-10.32
8:44,85.00,-3.14,-1.45,-9.02
8:45,85.00,-1.33,-2.08,-8.00
8:46,85.00,-3.18,-2.47,-9.30
8:47,85.00,-1.26,-1.73,-7.45
8:48,85.00,-1.53,-0.16,-7.73
8:49,85.00,-1.02,-1.22,-7.92
8:50,85.00,-2.04,-0.55,-7.85
8:51,85.00,-2.82,-2.28,-9.02
8:52,85.00,-2.08,-0.39,-7.96
8:53,85.00,-2.86,-1.92,-8.83
8:54,85.00,-3.10,-0.86,-9.14
8:55,85.00,-1.80,-0.98,-7.96
8:56,85.00,-2.43,0.59,-9.34
8:57,85.00,-2.47,-0.98,-9.85
8:58,85.00,-2.86,-1.06,-8.47
8:59,85.00,-2.20,-0.71,-8.83
9:0,85.00,-4.04,-0.71,-8.71
9:1,85.00,-2.59,-1.84,-9.92
9:2,85.00,-0.90,0.04,-9.14
9:3,85.00,-0.55,-0.71,-9.85
9:4,85.00,-2.63,-0.90,-8.16
9:5,85.00,-2.71,-1.96,-6.43
9:6,85.00,-2.47,-0.59,-9.57
9:7,85.00,-3.88,-2.55,-8.59
9:8,85.00,-2.98,-0.98,-9.10
9:9,85.00,-2.71,-2.75,-7.88
9:10,85.00,-2.98,-1.53,-6.79
9:11,85.00,-2.39,-2.39,-7.96
9:12,85.00,-3.96,-0.55,-8.87
9:13,85.00,-1.96,-1.26,-8.36
9:14,85.00,-2.51,0.24,-8.63
9:15,85.00,-1.77,-0.08,-8.59
9:16,85.00,-3.10,-0.59,-8.59
9:17,85.00,-1.18,-1.57,-7.22
9:18,85.00,-4.16,-0.98,-8.71
9:19,85.00,-2.39,-0.86,-8.98
9:20,85.00,-1.22,-0.71,-9.77
9:21,85.00,-3.06,0.43,-9.14
9:22,85.00,-1.77,-2.47,-9.65
9:23,85.00,-0.31,-0.31,-9.57
9:24,85.00,-1.10,-0.71,-9.85
9:25,85.00,-3.65,-1.26,-8.24
9:26,85.00,-0.98,0.08,-7.92
9:27,85.00,-2.94,-0.75,-6.98
9:28,85.00,-1.14,-0.98,-7.88
9:29,85.00,-0.12,-0.47,-9.10
9:30,85.00,-3.69,-1.37,-7.77
9:31,85.00,-2.12,-1.92,-7.57
9:32,85.00,-3.30,-0.47,-9.06
9:33,85.00,-3.80,-1.41,-8.12
9:34,85.00,-2.47,-0.43,-8.20
9:35,85.00,-0.90,-0.63,-9.77
9:36,85.00,-0.35,-1.92,-8.20
9:37,85.00,-3.69,-0.59,-7.96
9:38,85.00,-2.08,-1.57,-9.53
9:39,85.00,-2.35,0.31,-8.94
9:40,85.00,-2.71,-2.16,-7.53
9:41,85.00,-1.92,-0.78,-7.77
9:42,85.00,-2.20,-1.73,-9.30
9:43,85.00,-1.29,-1.57,-7.65
9:44,85.00,-2.39,-2.43,-8.71
9:45,85.00,-2.51,-1.57,-8.43
9:46,85.00,-2.39,-0.08,-8.43
9:47,85.00,-2.63,-0.82,-8.87
9:48,85.00,-1.33,0.27,-9.10
9:49,85.00,-2.90,-0.35,-7.61
9:50,85.00,-1.65,-1.14,-8.90
9:51,85.00,-1.22,-0.59,-8.75
9:52,85.00,-3.69,-1.92,-8.75
9:53,85.00,-1.65,-1.73,-9.22
9:54,85.00,-4.59,-1.18,-8.08
9:55,85.00,-2.86,-1.26,-9.45
9:56,85.00,-1.61,-1.22,-8.39
9:57,85.00,-2.04,0.24,-9.41
9:58,85.00,-3.37,-0.39,-7.53
9:59,85.00,-2.31,-0.98,-8.16
10:0,85.00,0.16,-2.35,-9.61
10:1,85.00,-1.84,-2.08,-8.51
10:2,85.00,-2.43,-0.08,-10.00
10:3,85.00,-0.16,-1.37,-8.51
10:4,85.00,-3.33,-0.08,-7.41
10:5,85.00,-2.12,-1.77,-9.30
10:6,85.00,-1.69,-0.98,-7.37
10:7,85.00,-3.69,-2.12,-8.12
10:8,85.00,-2.86,-1.02,-7.81
10:9,85.00,-0.20,-1.02,-8.51
10:10,85.00,-2.20,-1.65,-7.81
10:11,85.00,-2.20,-0.55,-8.28
10:12,85.00,-2.28,-1.53,-8.94
10:13,85.00,-4.16,-2.24,-9.45
10:14,85.00,-3.45,-2.04,-7.61
10:15,85.00,-1.88,-2.51,-9.92
10:16,85.00,-2.51,-0.20,-9.30
10:17,85.00,-2.39,-1.06,-9.14
10:18,85.00,-3.77,1.41,-8.39
10:19,85.00,-0.71,-1.88,-9.14
10:20,85.00,-2.82,-0.86,-7.22
10:21,85.00,-3.65,-0.78,-8.83
10:22,85.00,-1.37,-1.18,-7.81
10:23,85.00,-2.63,-0.24,-9.02
10:24,85.00,-2.47,-1.69,-8.36
10:25,85.00,-2.86,-0.27,-8.28
10:26,85.00,-0.67,-0.47,-8.71
10:27,85.00,-2.51,-0.35,-7.45
10:28,85.00,-2.35,-0.75,-9.06
10:29,85.00,-3.61,-0.51,-7.06
10:30,85.00,-2.51,-1.41,-7.96
10:31,85.00,-2.04,-0.35,-7.37
10:32,85.00,-3.18,-1.26,-8.94
10:33,85.00,-1.29,-2.16,-9.96
10:34,85.00,-3.45,-0.55,-8.39
10:35,85.00,-1.45,-0.20,-9.49
10:36,85.00,-2.35,-1.77,-7.73
10:37,85.00,-0.75,-0.78,-9.26
10:38,85.00,0.55,-0.39,-10.12
10:39,85.00,-1.80,-0.35,-8.90
10:40,85.00,-1.29,-1.53,-10.08
10:41,85.00,-0.98,-0.51,-8.32
10:42,85.00,-3.77,-1.06,-9.38
10:43,85.00,-0.98,-0.67,-7.45
10:44,85.00,-3.53,0.31,-7.96
10:45,85.00,-2.79,-0.98,-8.20
10:46,85.00,-3.26,-1.26,-7.85
10:47,85.00,-1.80,-0.82,-8.71
10:48,85.00,-1.45,-1.29,-9.57
10:49,85.00,-0.98,-0.51,-10.24
10:50,85.00,-2.82,0.00,-8.32
10:51,85.00,-1.61,-0.63,-7.77
10:52,85.00,-0.51,-1.26,-8.47
10:53,85.00,-3.53,-1.26,-7.61
10:54,85.00,-1.77,-0.24,-8.43
10:55,85.00,-4.00,-0.51,-9.14
10:56,85.00,-2.00,-0.63,-6.86
10:57,85.00,-2.63,-0.43,-8.00
10:58,85.00,-2.94,-0.86,-7.88
10:59,85.00,-1.37,-1.22,-8.75
11:0,85.00,-3.06,-0.90,-8.08
11:1,85.00,-2.16,-0.67,-8.12
11:2,85.00,-1.41,-0.39,-8.20
11:3,85.00,-0.12,-0.67,-8.47
11:4,85.00,-0.67,-1.14,-9.06
11:5,85.00,-2.90,-1.61,-7.92
11:6,85.00,-2.75,-0.98,-9.06
11:7,85.00,-3.06,-1.02,-8.00
11:8,85.00,-0.75,-1.18,-8.75
11:9,85.00,-3.37,-0.47,-7.85
11:10,85.00,-1.73,-0.04,-8.87
11:11,85.00,-3.96,-0.71,-9.06
11:12,85.00,-2.98,-0.27,-8.94
11:13,85.00,-1.92,-1.22,-8.36
11:14,85.00,-3.06,-0.20,-7.73
11:15,85.00,-3.41,-2.90,-8.79
11:16,85.00,-2.94,-0.75,-8.55
11:17,85.00,-1.37,-0.78,-7.92
11:18,85.00,-3.41,-1.77,-9.69
11:19,85.00,-4.28,-0.39,-6.90
11:20,85.00,-2.86,-0.71,-6.79
11:21,85.00,-3.84,-1.61,-8.75
11:22,85.00,-3.26,-1.65,-8.00
11:23,85.00,-1.53,-0.43,-8.63
11:24,85.00,-3.69,-0.47,-6.20
11:25,85.00,-2.47,-0.75,-7.41
11:26,85.00,-2.47,-2.20,-9.53
11:27,85.00,-2.31,-0.43,-7.92
11:28,85.00,-2.16,-1.57,-8.51
11:29,85.00,-0.51,-0.43,-10.08
11:30,85.00,-1.69,-1.10,-7.45
11:31,85.00,-1.14,-0.59,-9.10
11:32,85.00,-0.47,-0.94,-8.39
11:33,85.00,-2.59,-0.98,-9.06
11:34,85.00,-2.28,-1.37,-7.41
11:35,85.00,-1.10,-0.47,-8.04
11:36,85.00,-0.55,-1.02,-7.85
11:37,85.00,-2.16,-0.94,-8.71
11:38,85.00,-2.04,-0.39,-8.67
11:39,85.00,-2.55,-0.78,-7.88
11:40,85.00,-1.37,-1.57,-7.37
11:41,85.00,-4.24,-1.69,-7.10
11:42,85.00,-1.33,-0.39,-7.69
11:43,85.00,-2.82,-1.26,-8.04
11:44,85.00,-2.59,-1.53,-10.04
11:45,85.00,-1.96,-1.80,-9.81
11:46,85.00,-2.24,-1.57,-9.45
11:47,85.00,-2.98,-0.67,-9.26
11:48,85.00,-1.37,-1.33,-9.26
11:49,85.00,-2.31,-0.94,-9.45
11:50,85.00,-2.35,-0.39,-8.08
11:51,85.00,-2.51,0.00,-8.36
11:52,85.00,-3.14,-1.06,-8.08
11:53,85.00,0.39,-1.18,-9.02
11:54,85.00,-2.43,-1.22,-8.08
11:55,85.00,-1.53,-0.27,-8.55
11:56,85.00,-2.31,0.55,-8.28
11:57,85.00,-2.98,-0.86,-8.47
11:58,85.00,-0.20,-0.98,-10.04
11:59,85.00,-1.69,-1.37,-8.55
12:0,85.00,-4.04,-0.27,-8.16
12:1,85.00,-0.94,-0.82,-10.83
12:2,85.00,-2.00,-1.06,-7.81
12:3,85.00,-3.73,-1.06,-7.73
12:4,85.00,-3.33,-0.35,-8.39
12:5,85.00,-2.39,-1.65,-8.63
12:6,85.00,-3.14,-0.59,-7.88
12:7,85.00,-2.43,-0.35,-8.04
12:8,85.00,-3.69,-1.61,-8.12
12:9,85.00,-1.45,-1.73,-8.16
12:10,85.00,-2.51,-1.06,-8.36
12:11,85.00,-2.43,-1.22,-8.08
12:12,85.00,-2.94,-0.94,-8.55
12:13,85.00,-1.57,-1.41,-8.63
12:14,85.00,-1.14,-0.90,-9.22
12:15,85.00,-3.10,-0.04,-6.32
12:16,85.00,-0.67,-1.84,-9.57
12:17,85.00,-0.20,-2.12,-8.90
12:18,85.00,-2.08,-1.14,-9.02
12:19,85.00,-2.04,-1.18,-8.36
12:20,85.00,-2.47,-0.98,-8.04
12:21,85.00,-2.47,-0.82,-7.45
12:22,85.00,-1.69,-0.98,-8.20
12:23,85.00,-2.20,-0.75,-9.38
12:24,85.00,-3.41,-0.94,-7.57
12:25,85.00,-1.53,-0.78,-7.69
12:26,85.00,-3.06,-0.67,-8.79
12:27,85.00,-3.06,-0.82,-7.92
12:28,85.00,-2.04,-1.96,-8.00
12:29,85.00,-1.14,-0.67,-8.04
12:30,85.00,-3.37,-1.02,-8.28
12:31,85.00,-3.88,-1.14,-9.38
12:32,85.00,-3.26,-1.06,-8.63
12:33,85.00,-2.00,-0.04,-9.14
12:34,85.00,-1.29,-1.41,-9.81
12:35,85.00,-1.26,-1.18,-7.85
12:36,85.00,-2.47,-0.75,-10.08
12:37,85.00,-1.45,-0.67,-10.51
12:38,85.00,-1.49,-0.90,-7.77
12:39,85.00,-2.75,0.16,-9.57
12:40,85.00,-0.63,-1.02,-8.67
12:41,85.00,-2.20,-1.22,-6.79
12:42,85.00,-4.08,-0.51,-7.02
12:43,85.00,-2.71,-1.10,-9.14
12:44,85.00,-2.51,-1.14,-8.20
12:45,85.00,-1.57,-1.02,-7.96
12:46,85.00,-3.41,-0.43,-9.45
12:47,85.00,-0.51,-0.43,-10.32
12:48,85.00,-2.55,0.12,-9.14
12:49,85.00,-1.49,-0.86,-7.53
12:50,85.00,-2.24,-0.47,-9.41
12:51,85.00,-3.80,-1.14,-8.36
12:52,85.00,-0.90,-0.86,-9.26
12:53,85.00,-2.20,0.35,-9.26
12:54,85.00,-2.59,-0.90,-8.55
12:55,85.00,-1.49,-1.29,-8.87
12:56,85.00,-2.20,0.08,-8.79
12:57,85.00,-1.49,-1.49,-8.59
12:58,85.00,-3.88,-0.82,-7.69
12:59,85.00,-4.31,-1.02,-8.55
13:0,85.00,-4.31,-1.10,-10.08
13:1,85.00,-4.12,-1.18,-7.34
13:2,85.00,-2.55,-1.57,-10.24
13:3,85.00,-1.96,-0.63,-7.65
13:4,85.00,-1.18,-1.29,-7.69
13:5,85.00,-2.51,-1.57,-7.81
13:6,85.00,-3.06,-0.27,-8.16
13:7,85.00,-2.51,-1.41,-7.18
13:8,85.00,-1.92,-0.82,-7.77
13:9,85.00,-1.14,-1.84,-10.28
13:10,85.00,-0.82,-1.65,-8.59
13:11,85.00,-3.33,-0.43,-7.69
13:12,85.00,-1.14,-1.77,-8.63
13:13,85.00,-2.90,-0.82,-7.92
13:14,85.00,-3.02,-1.06,-7.57
13:15,85.00,-0.67,-0.94,-7.65
13:16,85.00,-0.24,-1.33,-7.88
13:17,85.00,-2.08,-0.78,-8.00
13:18,85.00,-3.06,-0.08,-8.28
13:19,85.00,-3.30,0.00,-7.88
13:20,85.00,-2.86,-0.94,-8.00
13:21,85.00,-3.84,-0.67,-7.14
13:22,85.00,-3.06,-0.63,-7.69
13:23,85.00,-2.47,-0.98,-7.81
13:24,85.00,-1.73,-2.24,-9.69
13:25,85.00,-0.39,-0.47,-8.39
13:26,85.00,-1.84,-0.94,-9.10
13:27,85.00,-1.96,-0.67,-8.12
13:28,85.00,-1.80,-0.24,-8.20
13:29,85.00,-2.51,-1.37,-8.59
13:30,85.00,-3.69,-1.22,-6.75
13:31,85.00,-1.29,-1.69,-9.53
13:32,85.00,-2.47,-1.33,-8.32
13:33,85.00,-2.51,-0.67,-8.20
13:34,85.00,-1.18,0.51,-10.04
13:35,85.00,-1.41,-1.14,-9.26
13:36,85.00,-1.77,-1.96,-8.47
13:37,85.00,-2.71,0.47,-8.28
13:38,85.00,-2.39,-0.39,-8.83
13:39,85.00,-2.43,-1.06,-7.65
13:40,85.00,-2.86,-0.59,-6.59
13:41,85.00,-0.59,-1.29,-9.38
13:42,85.00,-2.31,-0.51,-7.22
13:43,85.00,-2.75,-0.55,-9.10
13:44,85.00,-0.90,-0.78,-8.04
13:45,85.00,-2.39,-1.02,-8.55
13:46,85.00,-2.51,-1.37,-7.41
13:47,85.00,-2.63,-1.37,-9.14
13:48,85.00,-4.08,-0.31,-8.04
13:49,85.00,-0.51,-0.20,-7.81
13:50,85.00,-4.51,-0.86,-7.34
13:51,85.00,-4.63,-1.49,-8.83
13:52,85.00,-1.57,-0.63,-7.41
13:53,85.00,-1.33,-0.47,-8.20
13:54,85.00,-2.39,-0.35,-7.37
13:55,85.00,-2.86,-0.16,-7.85
13:56,85.00,-1.80,-1.65,-8.20
13:57,85.00,-1.41,-1.02,-8.55
13:58,85.00,-1.37,-1.69,-8.08
13:59,85.00,-2.39,-1.88,-7.88
14:0,85.00,-2.08,-0.27,-8.43
14:1,85.00,-2.63,-1.26,-7.45
14:2,85.00,-2.39,-2.00,-8.43
14:3,85.00,-2.31,-0.43,-7.57
14:4,85.00,-3.37,-1.84,-7.88
14:5,85.00,-1.57,0.24,-7.69
14:6,85.00,-1.45,1.14,-8.08
14:7,85.00,-2.24,-1.77,-7.53
14:8,85.00,-0.86,-0.90,-8.00
14:9,85.00,-2.51,-1.88,-8.75
14:10,85.00,-2.35,-0.08,-8.47
14:11,85.00,-1.73,-0.47,-9.92
14:12,85.00,-2.63,-1.80,-8.71
14:13,85.00,-3.33,-0.75,-7.57
14:14,85.00,-3.69,-0.59,-9.45
14:15,85.00,-1.80,-2.31,-10.08
14:16,85.00,-1.22,0.08,-7.53
14:17,85.00,-1.29,0.12,-8.39
14:18,85.00,-3.26,-0.86,-7.18
14:19,85.00,-4.16,-0.47,-7.92
14:20,85.00,-2.47,-2.00,-11.06
14:21,85.00,-1.73,0.08,-8.94
14:22,85.00,-3.92,-1.33,-7.81
14:23,85.00,0.47,0.35,-8.87
14:24,85.00,-1.92,-1.73,-10.12
14:25,85.00,-3.33,-1.45,-8.12
14:26,85.00,-0.27,-1.84,-9.34
14:27,85.00,-2.12,-1.61,-8.47
14:28,85.00,-2.28,-1.29,-8.08
14:29,85.00,-0.43,0.04,-10.08
14:30,85.00,-3.30,-1.73,-6.86
14:31,85.00,-1.18,-0.39,-6.32
14:32,85.00,-1.61,-0.31,-6.00
14:33,85.00,-2.67,-0.94,-7.22
14:34,85.00,-3.80,-1.18,-7.49
14:35,85.00,-0.90,-1.49,-8.87
14:36,85.00,-2.82,0.35,-7.57
14:37,85.00,-1.77,-0.86,-8.51
14:38,85.00,-1.69,0.35,-9.06
14:39,85.00,-2.16,-0.71,-7.96
14:40,85.00,-4.31,0.43,-7.61
14:41,85.00,-3.88,-1.33,-8.00
14:42,85.00,-0.55,-1.33,-9.61
14:43,85.00,-4.67,-0.35,-7.69
14:44,85.00,-1.57,-0.86,-7.18
14:45,85.00,-2.51,-0.24,-7.45
14:46,85.00,-4.00,-1.06,-6.12
14:47,85.00,-0.67,-1.33,-9.45
14:48,85.00,-3.73,-1.57,-7.45
14:49,85.00,-0.71,-0.75,-8.32
14:50,85.00,-1.92,-1.33,-8.08
14:51,85.00,-2.59,0.20,-9.34
14:52,85.00,-2.12,-0.86,-7.77
14:53,85.00,-2.28,0.00,-8.63
14:54,85.00,-2.43,-2.55,-8.83
14:55,85.00,-0.55,-1.10,-8.90
14:56,85.00,-3.73,-1.18,-8.08
14:57,85.00,-2.12,-0.27,-7.30
14:58,85.00,-0.67,-1.06,-8.28
14:59,85.00,-1.73,-1.33,-8.90
15:0,85.00,-1.92,1.18,-10.87
15:1,85.00,-3.49,-1.10,-7.22
15:2,85.00,-0.71,0.08,-9.45
15:3,85.00,-2.98,-0.51,-7.88
15:4,85.00,-2.59,-1.26,-8.08
15:5,85.00,-2.00,-1.84,-8.75
15:6,85.00,-0.71,-2.59,-10.36
15:7,85.00,-4.63,-1.92,-9.41
15:8,85.00,-2.71,-0.59,-9.22
15:9,85.00,-1.02,-0.12,-6.94
15:10,85.00,-4.28,0.39,-8.55
15:11,85.00,-0.35,-0.63,-9.45
15:12,85.00,-3.77,-1.61,-8.71
15:13,85.00,-2.86,-0.27,-8.36
15:14,85.00,-2.24,0.20,-7.22
15:15,85.00,-1.92,-0.39,-8.79
15:16,85.00,-1.57,-1.45,-7.61
15:17,85.00,-1.65,-2.20,-7.92
15:18,85.00,-1.84,-0.16,-12.24
15:19,85.00,-2.16,0.24,-7.06
15:20,85.00,-2.98,-0.82,-7.26
15:21,85.00,-3.88,0.82,-6.47
15:22,85.00,-0.78,-1.22,-8.98
15:23,85.00,-2.98,-0.63,-9.81
15:24,85.00,-2.12,0.12,-8.39
15:25,85.00,-2.04,-1.10,-8.63
15:26,85.00,-1.06,-1.65,-7.34
15:27,85.00,-2.35,1.57,-7.37
15:28,85.00,0.16,-0.43,-8.51
15:29,85.00,-3.06,0.51,-7.53
15:30,85.00,-3.65,-1.26,-6.94
15:31,85.00,-2.63,-0.43,-6.83
15:32,85.00,-5.02,-1.37,-6.39
15:33,85.00,-3.18,-0.90,-8.08
15:34,85.00,-1.88,-0.47,-8.75
15:35,85.00,-3.30,-0.35,-6.39
15:36,85.00,-1.92,-1.22,-8.87
15:37,85.00,-3.26,-1.22,-8.08
15:38,85.00,-2.24,-1.33,-8.90
15:39,85.00,-1.26,0.59,-9.10
15:40,85.00,-4.16,-1.53,-8.28
15:41,85.00,0.00,-0.94,-7.85
15:42,85.00,-1.33,-0.63,-9.49
15:43,85.00,-0.71,-1.10,-9.53
15:44,85.00,-2.16,-3.49,-7.88
15:45,85.00,-0.51,0.00,-9.41
15:46,85.00,-2.71,-1.14,-6.79
15:47,85.00,-0.90,-0.94,-9.26
15:48,85.00,-1.18,-0.78,-8.12
15:49,85.00,-2.04,-1.61,-9.34
15:50,85.00,-1.26,-1.41,-12.00
15:51,85.00,0.00,-0.78,-9.02
15:52,85.00,0.31,-1.84,-11.73
15:53,85.00,-3.45,-1.22,-7.53
15:54,85.00,-1.88,-1.33,-8.39
15:55,85.00,-0.59,-1.18,-7.37
15:56,85.00,-1.22,-1.57,-7.77
15:57,85.00,-1.57,-0.82,-6.47
15:58,85.00,-3.14,-1.18,-7.92
15:59,85.00,-3.18,-0.08,-7.41
16:0,85.00,-1.80,-0.94,-7.92
16:1,85.00,-0.12,-0.27,-9.73
16:2,85.00,-1.80,-0.71,-8.87
16:3,85.00,-2.98,0.04,-7.30
16:4,85.00,-1.49,0.04,-8.90
16:5,85.00,-1.41,-1.84,-8.28
16:6,85.00,-2.63,-0.71,-7.69
16:7,85.00,-2.39,-0.43,-8.51
16:8,85.00,-2.12,-0.39,-8.24
16:9,85.00,-1.80,-1.14,-7.81
16:10,85.00,-0.71,-2.28,-11.49
16:11,85.00,-3.14,-0.51,-7.85
16:12,85.00,-3.30,-0.24,-10.43
16:13,85.00,-2.04,-2.08,-8.24
16:14,85.00,-0.35,-1.49,-10.24
16:15,85.00,-1.73,0.00,-9.38
16:16,85.00,-1.88,-0.27,-7.34
16:17,85.00,-2.12,-0.94,-9.14
16:18,85.00,-3.33,-0.51,-7.45
16:19,85.00,-2.82,-0.98,-7.81
16:20,85.00,-1.77,-0.39,-8.24
16:21,85.00,-3.92,-1.22,-7.69
16:22,85.00,-3.02,-1.02,-7.69
16:23,85.00,-0.86,-1.61,-8.90
16:24,85.00,-2.47,-1.06,-8.83
16:25,85.00,-1.61,-2.04,-9.73
16:26,85.00,-2.82,-1.10,-8.00
16:27,85.00,-3.41,-0.75,-7.49
16:28,85.00,-3.10,-1.26,-8.94
16:29,85.00,-1.29,-1.26,-7.49
16:30,85.00,-3.65,-1.06,-8.87
16:31,85.00,-2.43,0.12,-7.77
16:32,85.00,-0.39,-1.45,-8.39
16:33,85.00,-2.63,-1.29,-8.71
16:34,85.00,-2.35,-1.06,-8.16
16:35,85.00,-2.59,0.00,-9.45
16:36,85.00,-4.12,-1.14,-11.06
16:37,85.00,-0.75,-0.16,-9.41
16:38,85.00,-1.26,0.24,-8.39
16:39,85.00,-0.78,-1.22,-9.10
16:40,85.00,-1.22,-0.78,-8.87
16:41,85.00,-2.28,-0.43,-7.53
16:42,85.00,-2.67,-0.59,-9.73
16:43,85.00,-2.00,-1.22,-9.22
16:44,85.00,-3.53,-0.75,-7.30
16:45,85.00,-0.86,-0.78,-9.41
16:46,85.00,-1.84,-0.67,-7.53
16:47,85.00,-3.57,-2.51,-8.28
16:48,85.00,-1.49,-2.31,-8.63
16:49,85.00,-3.18,-1.41,-7.14
16:50,85.00,-1.84,-2.12,-9.45
16:51,85.00,-0.04,-0.39,-9.30
16:52,85.00,-4.24,0.04,-7.85
16:53,85.00,-2.20,0.00,-7.49
16:54,85.00,-1.49,0.24,-10.51
16:55,85.00,-1.73,-0.51,-7.85
16:56,85.00,-4.24,-1.26,-8.36
16:57,85.00,-2.08,-0.51,-8.51
16:58,85.00,-1.80,-1.02,-7.92
16:59,85.00,-2.20,-1.22,-8.43
17:0,85.00,-2.20,-0.39,-8.00
17:1,85.00,-1.26,-2.47,-10.04
17:2,85.00,-1.65,-0.63,-9.96
17:3,85.00,-3.14,-0.82,-9.22
17:4,85.00,-2.94,-0.51,-7.37
17:5,85.00,-2.43,-0.82,-7.37
17:6,85.00,-0.20,0.04,-8.98
17:7,85.00,-1.53,-1.22,-9.30
17:8,85.00,-1.57,0.24,-7.85
17:9,85.00,-1.02,-0.39,-8.59
17:10,85.00,-1.06,-0.51,-9.30
17:11,85.00,-2.35,-0.43,-10.20
17:12,85.00,-2.90,-0.59,-7.65
17:13,85.00,-1.49,-1.14,-7.81
17:14,85.00,-0.47,-0.98,-10.04
17:15,85.00,-1.10,-1.49,-8.47
17:16,85.00,-2.00,-0.98,-8.47
17:17,85.00,-3.73,-0.71,-6.83
17:18,85.00,-1.41,-1.53,-7.26
17:19,85.00,-0.59,-1.45,-8.98
17:20,85.00,-3.45,-0.94,-7.14
17:21,85.00,-2.55,-2.04,-8.75
17:22,85.00,-0.59,-0.39,-9.45
17:23,85.00,-2.90,-0.67,-7.30
17:24,85.00,-3.18,-0.86,-7.81
17:25,85.00,-0.98,-0.86,-8.90
17:26,85.00,-2.71,-1.29,-8.04
17:27,85.00,-1.84,-0.71,-8.90
17:28,85.00,-3.26,-0.47,-7.65
17:29,85.00,-1.22,-2.39,-7.57
17:30,85.00,-2.94,-1.41,-7.06
17:31,85.00,-2.51,-0.35,-7.85
17:32,85.00,-5.10,-1.26,-7.61
17:33,85.00,-1.96,-1.26,-8.47
17:34,85.00,-0.86,-3.26,-9.18
17:35,85.00,-2.79,-1.92,-7.81
17:36,85.00,-1.92,0.08,-8.43
17:37,85.00,-3.14,-0.35,-7.10
17:38,85.00,-3.02,-0.82,-7.45
17:39,85.00,-2.63,0.08,-7.61
17:40,85.00,-2.98,-2.47,-10.47
17:41,85.00,-2.43,-1.10,-8.32
17:42,85.00,-3.57,0.00,-7.22
17:43,85.00,-3.14,-1.65,-7.53
17:44,85.00,-1.33,-1.80,-9.49
17:45,85.00,-1.14,-0.63,-7.81
17:46,85.00,-2.24,-0.63,-7.49
17:47,85.00,-2.08,0.04,-8.59
17:48,85.00,-0.43,-1.80,-10.63
17:49,85.00,-1.57,0.00,-8.00
17:50,85.00,-2.00,0.00,-8.24
17:51,85.00,-2.71,-1.61,-8.98
17:52,85.00,-1.73,-4.31,-6.90
17:53,85.00,-2.67,-1.41,-9.06
17:54,85.00,-0.82,-1.61,-7.30
17:55,85.00,1.57,-1.77,-10.98
17:56,85.00,0.98,-2.20,-10.98
17:57,85.00,-1.96,0.00,-8.32
17:58,85.00,-2.00,-0.35,-9.34
17:59,85.00,-4.51,-1.57,-7.57
18:0,85.00,-2.71,-0.71,-8.04
18:1,85.00,-1.92,-0.90,-9.65
18:2,85.00,-3.18,-1.29,-7.77
18:3,85.00,-3.41,-1.10,-7.85
18:4,85.00,-2.59,-0.75,-7.61
18:5,85.00,-3.18,-1.80,-6.79
18:6,85.00,-3.02,-0.75,-7.65
18:7,85.00,-1.96,-0.08,-7.81
18:8,85.00,-3.61,-1.80,-9.10
18:9,85.00,-2.28,-1.37,-7.34
18:10,85.00,-2.39,-1.02,-7.61
18:11,85.00,-2.94,-1.10,-7.41
18:12,85.00,-1.69,0.08,-8.90
18:13,85.00,-1.84,-0.90,-7.61
18:14,85.00,0.00,-1.41,-8.67
18:15,85.00,-3.30,-0.20,-7.96
18:16,85.00,-1.33,-0.51,-10.24
18:17,85.00,-2.51,-1.14,-8.16
18:18,85.00,-2.67,-1.18,-8.32
18:19,85.00,-1.80,0.43,-9.53
18:20,85.00,-2.63,-0.63,-8.55
18:21,85.00,-1.96,-3.02,-8.51
18:22,85.00,-2.55,-0.59,-9.38
18:23,85.00,-2.75,-0.16,-8.98
18:24,85.00,-2.28,-0.08,-8.67
18:25,85.00,-0.98,-1.14,-7.61
18:26,85.00,-3.30,-1.33,-8.16
18:27,85.00,-3.14,-1.14,-9.38
18:28,85.00,-1.57,-1.57,-10.32
18:29,85.00,-3.10,-0.39,-7.81
18:30,85.00,-2.31,-0.08,-7.45
18:31,85.00,-3.88,-1.41,-7.69
18:32,85.00,-2.71,-1.65,-7.18
18:33,85.00,-1.92,-0.31,-8.94
18:34,85.00,-4.82,-0.39,-6.75
18:35,85.00,-0.63,-1.57,-8.87
18:36,85.00,-1.57,-0.31,-6.90
18:37,85.00,-0.35,-1.53,-8.32
18:38,85.00,-2.35,-0.82,-8.59
18:39,85.00,-1.57,-2.04,-8.20
18:40,85.00,-1.73,0.24,-6.67
18:41,85.00,-3.45,-2.20,-6.67
18:42,85.00,-1.88,-0.75,-9.65
18:43,85.00,-2.55,-1.65,-8.43
18:44,85.00,-1.33,-0.55,-7.53
18:45,85.00,-0.86,-0.59,-8.79
18:46,85.00,-3.73,-0.67,-7.96
18:47,85.00,-1.33,-0.78,-8.12
18:48,85.00,-2.47,-0.63,-7.69
18:49,85.00,-1.45,-1.33,-10.04
18:50,85.00,-0.24,-1.18,-7.88
18:51,85.00,-1.92,-1.41,-7.41
18:52,85.00,-2.90,0.47,-8.28
18:53,85.00,-2.24,-1.33,-9.41
18:54,85.00,-0.75,-0.47,-8.00
18:55,85.00,-3.18,-1.53,-7.88
18:56,85.00,-1.73,-1.06,-7.96
18:57,85.00,-2.35,-2.51,-7.22
18:58,85.00,-3.30,-0.71,-7.30
18:59,85.00,-1.80,-1.18,-7.37
19:0,85.00,-1.26,-0.51,-7.57
19:1,85.00,-1.61,-1.33,-8.87
19:2,85.00,-1.06,-0.39,-8.94
19:3,85.00,-2.31,-0.59,-9.89
19:4,85.00,-1.02,-1.88,-10.04
19:5,85.00,-2.63,-1.49,-8.67
19:6,85.00,-3.84,-0.63,-7.69
19:7,85.00,-4.08,-0.98,-7.18
19:8,85.00,-3.22,-0.98,-9.30
19:9,85.00,-3.45,-0.75,-7.69
19:10,85.00,-3.06,-1.45,-8.16
19:11,85.00,-0.90,-1.69,-7.37
19:12,85.00,0.04,0.35,-8.75
19:13,85.00,-3.22,-0.51,-6.94
19:14,85.00,-3.80,-1.92,-8.24
19:15,85.00,0.08,-1.26,-9.30
19:16,85.00,-1.96,-0.67,-7.92
19:17,85.00,-2.98,-0.71,-7.53
19:18,85.00,-1.73,-1.29,-9.22
19:19,85.00,-3.45,1.37,-6.43
19:20,85.00,-1.14,-0.59,-7.77
19:21,85.00,-4.00,-0.71,-7.14
19:22,85.00,-2.24,-0.71,-8.59
19:23,85.00,-3.49,0.04,-7.69
19:24,85.00,-0.98,-1.41,-8.87
19:25,85.00,-4.79,-1.02,-8.24
19:26,85.00,-1.37,-0.63,-8.59
19:27,85.00,-3.80,-1.96,-8.71
19:28,85.00,-2.08,-1.06,-8.71
19:29,85.00,-4.20,-0.94,-6.75
19:30,85.00,-2.24,-2.90,-9.26
19:31,85.00,-1.80,-1.10,-8.36
19:32,85.00,-2.59,-0.67,-9.02
19:33,85.00,-3.53,-0.39,-7.61
19:34,85.00,-2.39,-1.57,-8.67
19:35,85.00,-3.30,-1.10,-9.38
19:36,85.00,-2.12,-0.98,-8.43
19:37,85.00,-3.61,-1.06,-8.75
19:38,85.00,-2.55,-0.39,-9.38
19:39,85.00,-0.75,0.00,-8.75
19:40,85.00,-3.10,-1.80,-8.08
19:41,85.00,-1.14,-1.33,-8.55
19:42,85.00,-3.61,-1.73,-8.39
19:43,85.00,-3.06,-1.77,-6.28
19:44,85.00,-4.04,-1.65,-7.53
19:45,85.00,0.86,0.08,-9.30
19:46,85.00,-2.31,-0.12,-7.14
19:47,85.00,-2.43,-0.31,-8.59
19:48,85.00,-4.16,-0.08,-8.47
19:49,85.00,-0.43,-1.29,-9.26
19:50,85.00,-2.67,-0.24,-8.90
19:51,85.00,-4.90,-1.26,-6.90
19:52,85.00,-0.67,-0.12,-9.57
19:53,85.00,-4.04,-1.53,-9.96
19:54,85.00,-1.53,-1.22,-10.67
19:55,85.00,-1.69,-0.75,-8.12
19:56,85.00,-0.82,0.00,-7.49
19:57,85.00,-2.82,-1.14,-7.37
19:58,85.00,-2.67,-0.55,-7.92
19:59,85.00,-3.45,-1.69,-8.12
20:0,85.00,-2.75,-0.08,-7.49
20:1,85.00,-1.96,-0.16,-7.77
20:2,85.00,-0.94,-1.33,-9.38
20:3,85.00,-1.61,-0.31,-8.51
20:4,85.00,-1.49,-0.94,-8.16
20:5,85.00,-2.94,-1.77,-7.65
20:6,85.00,-0.98,-0.35,-8.90
20:7,85.00,-2.12,-1.77,-8.98
20:8,85.00,-2.55,-0.78,-8.79
20:9,85.00,-2.79,-0.63,-7.65
20:10,85.00,-2.86,-1.10,-7.81
20:11,85.00,-3.80,-0.59,-7.92
20:12,85.00,-3.65,-1.29,-8.12
20:13,85.00,-2.63,-1.65,-9.96
20:14,85.00,-2.31,-1.29,-7.81
20:15,85.00,-1.69,-0.35,-8.90
20:16,85.00,-2.63,0.00,-9.96
20:17,85.00,-2.79,-0.27,-8.67
20:18,85.00,-2.55,-1.18,-8.90
20:19,85.00,-3.33,-1.29,-6.59
20:20,85.00,-1.61,-0.86,-9.06
20:21,85.00,-3.61,-0.78,-8.28
20:22,85.00,-3.37,-1.14,-8.71
20:23,85.00,-3.73,-1.37,-6.90
20:24,85.00,-3.45,-1.65,-9.10
20:25,85.00,-1.65,-1.49,-9.02
20:26,85.00,-0.90,-1.49,-7.53
20:27,85.00,-3.61,-0.67,-6.90
20:28,85.00,-1.29,-1.18,-9.18
20:29,85.00,-4.12,-2.75,-8.16
20:30,85.00,-2.31,-1.65,-6.75
20:31,85.00,-4.39,-0.16,-6.86
20:32,85.00,-3.88,-1.33,-7.77
20:33,85.00,-0.82,-1.41,-8.00
20:34,85.00,-2.08,-1.02,-9.73
20:35,85.00,-1.65,-0.47,-8.63
20:36,85.00,-0.86,-1.33,-9.57
20:37,85.00,-3.26,-2.31,-7.10
20:38,85.00,-1.26,0.35,-8.83
20:39,85.00,-2.98,-1.84,-8.24
20:40,85.00,-1.61,-1.80,-8.32
20:41,85.00,-3.26,-0.82,-8.00
20:42,85.00,-3.61,-1.53,-7.81
20:43,85.00,-2.51,-0.98,-7.14
20:44,85.00,-0.98,-0.04,-8.98
20:45,85.00,-0.86,-2.55,-10.16
20:46,85.00,-1.65,-1.65,-7.57
20:47,85.00,-2.47,-0.12,-8.71
20:48,85.00,-4.28,-0.20,-8.43
20:49,85.00,-2.55,-0.63,-6.98
20:50,85.00,-1.14,-0.47,-7.85
20:51,85.00,-2.35,-1.02,-7.92
20:52,85.00,-4.16,0.00,-8.75
20:53,85.00,-2.67,-0.31,-7.57
20:54,85.00,0.78,-1.29,-9.65
20:55,85.00,-0.51,-1.14,-7.61
20:56,85.00,-2.51,-1.77,-8.90
20:57,85.00,1.69,-2.63,-9.18
20:58,85.00,1.49,-2.43,-7.14
20:59,85.00,-1.80,-1.73,-8.39
21:0,85.00,-2.31,0.12,-9.38
21:1,85.00,-2.16,-1.22,-8.16
21:2,85.00,-3.06,0.75,-8.08
21:3,85.00,-3.06,0.75,-8.16
21:4,85.00,0.08,8.94,4.82
21:5,85.00,-0.20,11.92,5.10
21:6,85.00,-1.10,9.61,2.75
21:7,85.00,-1.53,7.77,2.08
21:8,85.00,0.20,6.20,3.02
21:9,85.00,1.26,7.57,3.41
21:10,85.00,-0.55,8.51,1.73
21:11,85.00,0.16,13.22,3.06
21:12,85.00,-1.84,11.34,1.80
21:13,85.00,-0.39,12.24,4.47
21:14,85.00,-0.94,7.49,2.16
21:15,85.00,-1.37,9.49,4.31
21:16,85.00,-1.45,10.20,4.12
21:17,85.00,3.37,10.20,5.69
21:18,85.00,-1.06,0.27,11.30
21:19,85.00,-1.06,0.27,11.22
21:20,85.00,-1.02,0.27,11.22
21:21,85.00,-1.06,0.31,11.18
21:22,85.00,-0.82,0.27,11.38
21:23,85.00,-9.49,-0.12,-3.18
21:24,85.00,-8.20,4.79,-2.59
21:25,85.00,-2.00,8.39,-2.63
21:26,85.00,3.10,9.18,-1.84
21:27,85.00,4.79,8.39,-1.84
21:28,85.00,0.04,8.90,-2.63
21:29,85.00,1.26,10.12,2.55
